Unnamed: 0,content,stars,title,status
0,"不知道耶! 看完整個無感
有種覺得就是女兒""給蕭""害死了老爸
然後...既然可以搭飛機離開
那一開始為什麼不搭飛機進去就好?
然後島就那麼一丁點大，人在那邊待了七年了，即使沒有拿到答案，也沒辦法發現那個入口嗎??
總覺得有點扯就是了~~
然後可能片長太長了，古墓裡的機關...也感覺太好過了的感覺...",3,古墓奇兵,soso
1,很好看的動作片，不會浪費錢跟時間。很久沒有這樣的探險片。可說是女版的印第安那瓊。女主角跟爸爸還有反派都演得到位。陸任的男配角常在港片看到，很帥。一時忘了名字。希望有續集。,5,古墓奇兵,good
2,說這個不好看的話，那我還真不知道，還有什麼片是您可以去看得了。電影好看，但話說羅拉有裝可以撿，你怎麼硬要拿弓箭??,5,古墓奇兵,good
3,父女重逢真的很讓人感動，五顆星。,5,古墓奇兵,good
4,劇情雖然老套，但仍拍出新意，古墓能殺人的方式不就是機關和毒，要求亂七八糟的觀眾，你看喪尸片看多了。,4,古墓奇兵,good
5,每個演員都長得像路人，劇情解謎上都沒有作一些鋪陳，以致於每個謎題只有主角轉一轉就都破解了，覺得導員說故事的功力還不夠。,2,古墓奇兵,bad
6,"實在是好看還想再看一次

給5顆星都不夠",5,古墓奇兵,good
7,說好看的，我請問你們，女主角腳受傷綁繃帶，肚子又被捅個鐵條，睡一晚，奔跑，打架樣樣來。那病毒那麼毒，光摸到就死，那屍體的灰吸入就沒事？？當觀眾是智障嗎？說好看的不要再騙人花錢進戲院了好嗎？,1,古墓奇兵,bad
8,"覺得不少地方想吐槽
明顯有更好的處理方式
結果用了不好的方式處理
過程中常常跟朋友小小吐槽一下
看完跟朋友的想法是
我們怎麼是選這片...不是有黑豹這選擇嗎?",3,古墓奇兵,soso
9,超好看 古墓那邊氣氛很棒 很喜歡這種 精彩,5,古墓奇兵,good
10,我也覺得非常精彩!!大推大家到電影院看!!,5,古墓奇兵,good
11,看到評價不高  本來不帶太大希望  但看了之後真心覺得不錯看  這種片不看  是還要被多少瞎片騙錢,5,古墓奇兵,good
12,還不錯看，可惜後面到古墓內就差了點,4,古墓奇兵,good
13,很好看呀，很推，很值得去電影院看，很喜歡吳彥祖，雖然戲份不多，但很好看,5,古墓奇兵,good
14,"看大家的評價都不太好，本來沒要看的～
但看完之後覺得明明就很好看、很精彩，女主角也很美！比玩命颶風好看多了，颶風灌水灌的太扯！怒",5,古墓奇兵,good
15,"有玩過2013年古墓奇兵

看起來挺有味道~但劇情卻沒電玩精彩~

太可惜了!!",3,古墓奇兵,soso
16,我覺得很好看啊。從頭到尾無冷場。女主角也有屬於自己的特色。然後吳彥祖很帥。,5,古墓奇兵,good
17,"大爛片~
我到底是在看""電影""，還是在看ARPG??
劇情超爛，也不精彩",1,古墓奇兵,bad
18,最喜歡羅拉在瀑布上的飛機殘骸裡的場景， 真的捏了一把冷汗，超緊張刺激的。,3,古墓奇兵,soso
19,不錯看啊！沒什麼失望的地方、簡單.俐落.逼真.不科幻,5,古墓奇兵,good
20,好看極了 比前版好看刺激 主角演技到位,5,古墓奇兵,good
21,頭重腳輕，前面鋪沒必要的梗太長，壓縮到後面真正該表現古墓的精華，敗筆其一，沒事去改主架構設定，主角職業和身家背景，還讓主角和XX重逢，敗筆其二，而且這個敗筆感覺會影響後面劇本的撰寫，會重蹈惡靈古堡的覆轍整個歪掉的感覺，整體來說劇情安排手法還差上電玩一大截，應該直接找電玩的編劇和導演來比較快...唯一把電影救回來的應該是女主角賣力的演出~~~,3,古墓奇兵,soso
22,劇情有稍作修改，導演有放心思在裡面，跟上一步的古墓奇兵比有不一樣的味道,5,古墓奇兵,good
23,看完覺得很空虛，沒甚麼特別的劇情,2,古墓奇兵,bad
24,先是上來看了大家的留言 本來擔心不好看作罷 但男友堅持還是去親眼看看 看了美麗華IMAX 3D 結果我們兩個都覺得沒有很難看呀 比我們預期的好 只能說大家的口味都不見得相同 呵呵,5,古墓奇兵,good
25,"很可惜, 女主角是真的付出很多, 演得也很認真, 但全片從香港出海之後就整個弱掉沒FU了, 後面完全就是畫面沒有電影...",3,古墓奇兵,soso
26,"也許有人會覺得故事線太簡單，但我個人覺得相當明快流暢
不是走影迷型的電影，而是闔家歡樂型
主角在打鬥上沒有特別OP，感覺很真實
整體氛圍營造的不錯",5,古墓奇兵,good
27,很難看，不符合邏輯的超多，看得超痛苦,1,古墓奇兵,bad
28,難看啊 不要再拍續集了 女主角完全撐不起蘿拉的角色.,1,古墓奇兵,bad
29,雖然劇情上很一般，但動作爽度破表~沒有冷場，超喜歡女主角的，很認真拍這部片,5,古墓奇兵,good
30,"替女主角賣力演出加分!!
古墓裡機關，可以再加強些!",4,古墓奇兵,good
31,超級棒的電影🎬，我的感覺⋯⋯比颶風那部電影不上不下好看太多了；好棒好棒好棒，要說3次^_^真的好看！,5,古墓奇兵,good
32,"Not bad, 基本上就是商業片ㄧ枚，希望出2時可以更好看",4,古墓奇兵,good
33,"這部是翻拍 電玩版 古墓奇兵:重生 

如果是有玩過的玩家去觀看 可能會有點失望 拔掉了太多元素 另外就是劇情有太多漏洞  

給3顆星是在觀看中有重現遊戲場景刺激的部分以及工作人員的辛苦  希望下一部能有更好的成果",3,古墓奇兵,soso
34,沒演技的女主角，古墓奇兵的蘿拉演成秘境探險德瑞克，一顆星還太多,1,古墓奇兵,bad
35,for  rola !!!!!!!!!!!!!!!!!!!!!!!!!!!!,5,古墓奇兵,good
36,還是打電動比較刺激～完全沒有fu,1,古墓奇兵,bad
37,演員很棒，劇情很老，沒有創新驚喜感……,2,古墓奇兵,bad
38,"真的太粗糙了
這裡就來蓋個樓
點出劇中不合羅輯的地方吧…

1 羅拉潛回帳棚時  明明就可以直接幹掉趁壞蛋，但她竟然選擇不慌不忙的走掉
2 羅拉他爸出現在那個門口根本不合羅輯 很明顯是劇情安排
3 開外掛 無限箭矢，而且有槍不用…
4 病痛的老人直接殺掉 吳彥祖放走人質竟然還能活到最後
5 羅拉老爸明明也都沒進去過，為什麼筆記本可以這麼詳細
6 在門口2對1明明可以打贏 最後卻妥協 老爸打死不開 女兒卻輕易的答應
   既然要這樣怎麼不直接給他老爸一個痛快
7 爬梯明明可以過河拆橋 就硬要安排一場格鬥

大家還有看到哪些覺得扯的劇情嗎？",1,古墓奇兵,bad
39,"非常普通，跟安潔的蘿拉比，感覺單調很多，吳彥祖說配角都算勉強，可有可無的角色，不推，失望

更新：以前人家說有工讀生我不信，但現在我信了，只要評語有寫不好的，幾乎都會被""噓""，而且""噓""比""讚""還要多，本來還有兩顆星，因為工讀生改成一顆。",1,古墓奇兵,bad
40,"整體來說是還不錯，給兩星覺得故事挺老梗的，還有前面鋪陳的腳踏車，原以為後面叢林部分還是古墓部分會有女主角騎機車秀一波的畫面，結果沒有..(前面拳擊跟射箭後面都有展現)，打發時間去看很不錯@@""",2,古墓奇兵,bad
41,"給1星確實對不起電影工作人員, 給5星更對不起自己的良心, 所以還是中規中矩給個3個星吧!!! 可能是前代蘿拉的影響大家對於年輕(崛起)的小蘿拉有崇景,但也有點洗衣板,真的很難想像怎麼變這樣, 希望第二集正式來先去豐個胸吧OPS...故事真的有點太無聊,我是實話實說,不合乎邏輯的地方有夠多, 而且, 對於蘿拉原先定位如果是一個摸金校尉真的有對不起這職位的事實存在, 尤其是臨時搭橋那段, 明明跳過去到對面移開橋頭他人就下去, 非要把人和自己推在一起打那個很無聊又沒邏輯的架...怪怪DRE呢...",3,古墓奇兵,soso
42,"昨天晚上去看了 說真的挺失望的!!
前半段劇情鋪成實在很悶!看到都想睡著了
如果設計成壞人覬覦搶奪這份地圖資訊 設計成搶奪 不是會讓劇情更緊湊.刺激?
還有明明開始就說 要進到這個地點 講得似乎挺艱難的
主角還涉險搭船隻進入..結果直接可以用運輸機傳送 這是哪招?
還有島嶼明明就那麼小....可以一炸一挖就七年..應該早就移為平地了吧!
要吐槽這部電影的點太多了 講太多洩漏劇情!
真的拍得很爛 很悶.. 成本應該不台幣2000萬
老實說 只有女主角 掉入湍急時候 卡在飛機殘骸上面那個地方
我有替他緊張了一下",1,古墓奇兵,bad
43,不錯看，給一評的人生應該沒希望了，嗯嗯,5,古墓奇兵,good
44,"直得推一部電影
只要是有玩過古墓奇兵遊戲一定要去看因為這是前傳",5,古墓奇兵,good
45,因為羅拉胸部太小，所以最多只能給妳1顆星！,1,古墓奇兵,bad
46,"原本要看玩命颶風，結果國賓影城沒有Orz，沒問家人意見，索性就買票了@_@，被家人唸了一番，，，這不是重點，看完後，問了3位公主，都說
好看，回家後，學蘿拉父親愛蘿拉的手勢對3公主，她們反應不像蘿拉，竟然都是驚嚇尖叫╮(╯_╰)╭，，，總之，她們覺得好好看",5,古墓奇兵,good
47,刺激,5,古墓奇兵,good
48,還不錯 雖然劇情老套 但特效做的還不錯 看的出來女主角很努力了,4,古墓奇兵,good
49,是一部不錯的動作片，場面華麗演技甚佳，但是劇情為主角設計太多外掛個人不是很喜歡啦,5,古墓奇兵,good
50,劇情起伏不大 看起來不過癮 吳彥祖角色......,3,古墓奇兵,soso
51,"1.香港到日本開漁船就能到
2.香港到日本不但開漁船能到，還一天一夜就到
3.香港到日本不但開漁船一天一夜就到，還能不小心找到神秘的無人小島
4.女主角永遠不會骨折，整座山連洞穴崩塌，挖開石頭女主完好無損
5.女主如果不要單槍匹馬找爸爸，或不要找爸爸，爸爸會更開心
其他吐槽點太多了，留一點給別人發掘",3,古墓奇兵,soso
52,太難看了...據情爛...演員爛......不知在演啥...,1,古墓奇兵,bad
53,好看 比第一代好看多了，這版才有電玩的感覺,5,古墓奇兵,good
54,還行 沒想像中磅礡 是不難看 但不到鉅作,4,古墓奇兵,good
55,"劇情是比較老套了一點的動作冒險故事，
但裡面的冒險是完美呈現了遊戲中的刺激場景，
加上各橋段是接得相當漂亮，
整部電影可說是毫無冷場，精彩絕倫，
影迷們應該是會喜歡，
遊戲迷們更會愛死的一次漂亮電影的重啟。
另外，這裡也提供詳細的觀影心得給大家參考：
https://youtu.be/FbZxuOyLNCc",5,古墓奇兵,good
56,好看！ 雖然有改編 但遊戲中該有的元素都有出現！ 推~,5,古墓奇兵,good
57,"上映的第二天就馬上去電影院看,看完感想:真的很好看！期待續集！(希望有)",5,古墓奇兵,good
58,緊張刺激，好看！不推！,5,古墓奇兵,good
59,"滿好看的其實，但我覺得如果沒玩過電玩可能會比較有驚喜的感覺
，因為玩過反而知道後面的劇情走向...而且艾莉西亞還滿會演戲的
所以大加分!",5,古墓奇兵,good
60,跟遊戲差太多 也沒壯觀場面~~~~~~~~~~~~~~,1,古墓奇兵,bad
61,我坐了半小時，我起身，出了電影廳！,1,古墓奇兵,bad
62,越到後面越好看，蘿拉有夠強的！還不錯......,5,古墓奇兵,good
63,以2013遊戲版本為背景，有玩過遊戲的應該會很有共鳴，很多遊戲裡的元素與遊玩方式都有出現在電影裡，暗殺弓箭與一模一樣的萬用攀岩斧，可惜電影沒有拍出遊戲裡令人驚艷的場景與恐怖氣氛，但還不錯！,5,古墓奇兵,good
64,"完全不能跟裘莉演的比....
看一半就默默的離開電影院了....對不起",1,古墓奇兵,bad
65,看起來不好看,1,古墓奇兵,bad
66,很好看，打鬥場面很刺激，劇情也不會冗,5,古墓奇兵,good
67,還是玩命颶風比較刺激好看無冷場！,1,古墓奇兵,bad
68,"覺得滿無聊的 有點想睡覺
劇情太攏長",1,古墓奇兵,bad
69,選擇用箭反擊、舉起親過的食/中指示意那段很飢餓遊戲場景,3,古墓奇兵,soso
70,普普通通，沒有想像中的令人感到驚艷，但打鬥的部分還是很刺激,3,古墓奇兵,soso
71,地獄難看！可能只是不適合我😂,1,古墓奇兵,bad
72,"本作四平八穩 算是水準之上.但稱不上the Masterpiece ,女主角融合了鷹眼的射箭能力和娜塔莎的格鬥戰力.但以好萊屋動作女主角還是比較喜歡看安潔莉娜裘莉 和喬娃維琪.因為動作比較有爆點.就看女主第二輯可不可以有突破性演出",4,古墓奇兵,good
73,無敵好看感動還害我掉兩滴淚😭,5,古墓奇兵,good
74,好看~接很近新版電玩的角色設定!! 期待第二集了....,5,古墓奇兵,good
75,"艾莉西亞維坎德 詮釋的蘿拉更加具有真實感，並且她在失去父親的情感演繹上比起裘莉更觸動人心。
劇情精彩程度也必須給滿分，緊張的氣氛會讓人跟著驚呼或不知覺跟著緊繃身體，值得推薦3D觀看！

另外， 
吳彥祖=交通工具(船跟直升機)XDD",5,古墓奇兵,good
76,比我所預期的好，雖然身材差了點，但看得出很努力又有感情的演出，若要說缺點就是揭開了所謂傳說就真的不那麼神祕了。,4,古墓奇兵,good
77,個人覺得老梗 親情比重過多 不是那麼好看,3,古墓奇兵,soso
78,比預期中好很多，值得進場去觀賞,4,古墓奇兵,good
79,原本只想打發時間，沒想到蠻好看的,5,古墓奇兵,good
80,很好看！值得去電影院看！媽媽都誇好看！刺激！,5,古墓奇兵,good
81,"案潔莉娜裘莉版本的太過神話了，演得很像英雄片，不過劇情都不錯!
而新版的女主角演出很符合""年少蘿拉""的腳色，他是有成長歷程的!會尖叫、會迷惘、會受挫甚至會撒嬌...到後來慢慢才成為那堅強、瀟灑強悍的""蘿拉""!給這演員大加分，也讓續集很有可看性!
那這集的劇情呢?前面敘述有點攏長，一直到後面開始""尋寶""、""探險""才精彩!把情緒和氣氛拉到位，也把劇情解釋的不錯!
至於""吳彥祖""的腳色嘛......完全是可有可無的!演技也沒有特別到位，明明在尋找日本女皇的遺體，為甚麼不乾脆用日本人也許更符合吧...?",4,古墓奇兵,good
82,"非常好看~
到香港後找到吳彥祖後幾乎毫無冷場.
蘿拉根本就開外掛!!!
中間與某人相遇那段讓我紅了眼眶
最後似乎是埋下伏筆?",5,古墓奇兵,good
83,有需要看到3D的嗎？??????????,3,古墓奇兵,soso
84,整體是不錯看！但個人覺得劇情有點短～,4,古墓奇兵,good
85,！！！！！！！！！！！！！！！！,5,古墓奇兵,good
86,好看 很精彩內容打鬥與探險 值回票價,5,古墓奇兵,good
87,星期一去西門町巨幕廳看試映會，臨場感都不錯，可惜演女主角的蘿拉太瘦了，其他都不錯，第二集希望能練精實點...,4,古墓奇兵,good
88,"What A Great Movie!!!
Just WOW!!!
Alicia Vikander is so amazing!!!
#TombRaider",5,古墓奇兵,good
0,睡著了!!喝了杯咖啡還是沒有用!!說好看的人，真是想了解他們是抱著怎樣的情形去看得!!,1,最後的絕地武士,bad
1,"《星際大戰:最後的絕地武士》是我覺得近期三部星戰電影(原力覺醒、俠盜一號)最好看的一部，雖然格局變小，但劇情描寫更加細膩，且整體故事更完整，解釋了許多上集留下的謎團，演員在這集也有更多表現空間，而且時間分配上更平均，同時加強角色間的連結。雖然電腦特效看起來比上集粗糙，有些「特定」物品或橋段(戰艦防護罩、光速穿越、尤達大師)有很假的感覺，但應該是為了致敬，因為配樂、色彩跟場景都使它的美術部分比上集更出色，而且最後的大戰效果非常棒。不過其中確實還是有一些難以忽視的缺陷，角色的能力真的忽強忽弱。總之，我非常喜歡這部電影，也很期待下集的發展啊！


全文網址:https://he1108.blogspot.tw/2018/03/blog-post_14.html#more",5,最後的絕地武士,good
2,"星球大戰演了這麽多部，風格已經有點老了，不過還是很好看，小機器人太聰明可愛了，分享一個網站，niigu.com,電影/電視劇/音樂都有資源",5,最後的絕地武士,good
3,"　　如果不是路克救場＆莉亞傳承勉強拉到及格，我會給這部片更低的分數。

　　想走出新格局、顛覆以往套路，繳出來的卻是個大方向依然抄襲《帝國大反擊》、只不過在傳統套路間刻意反其道的半吊子。

　　開頭轟炸機那爛到好笑的防禦＆掩護就不提了，被一架鈦戰機殘骸撞掉多達三台轟炸機，擺明只想鋪接下來的損失慘重發展，把轟炸機作成笨重的耙子還要駕駛去手控投彈？我笑了。

　　黃黑二人組跑去執行個看似重要的任務，最後告訴你「被出賣了，徒勞無功喔」，瞬間變成整段支線拔掉也沒差，想玩平民英雄論，表現出來的卻是若非強運這兩個人早就死不知道幾次了。

　　沒種賜死這兩個角色，搞反轉陷入死局只好凹更多巧合來解套（遇解碼師逃出賭場、遇自殺攻擊逃出敵艦），這是扎實劇本該有的特徵嗎？

　　說這兩個人的劇情有推動小孩子的部分就省省吧，換成小孩子聽人講述反抗勢力的事蹟即可，沒有非他們兩人來推動的必要。

　　大鬧賭場放走馬還說：「有破壞賭場、讓他們損失」，一副有所作為的自滿樣。知道你們這麼一搞接下來一段時間內賭場內的奴隸和下人只會被欺壓得更慘嗎？等你們跑來解放賭場後再來說吧。

　　上集鋪得多神秘恐怖的反派，領了個堪比餿水等級的廉價便當，一個之前吃過敗仗、沒啥亮眼作為的中二上位當魔王，論權謀沒權謀，論霸氣沒霸氣，第一軍團權柄交在其手上滅亡之日指日可待。

　　藉開羅人之口說：「拋棄老元素，開始新時代」，結果陷入死局來救駕的還是老角色路克。上集開始把老角色請回來拉人氣，發現觀眾買單後就開始與過去做切割，揚言破舊立新，真的消費老情懷不留餘力呢。




《星際大戰：最後的絕地武士》──消費舊作與賣弄翻轉的半吊子。

http://hijk963.pixnet.net/blog/post/118051071",3,最後的絕地武士,soso
4,不落俗套，好看！！,5,最後的絕地武士,good
5,真的非常好看 我曾經看過35年前的星際大戰第三部曲 絕地大反攻 之後 當時在想 絕地武士這麼厲害 幾乎與神相當 難道都沒有個人的弱點與脆弱 最後的絕地武士 裡我找到了答案 天行者路克在第七集原力覺醒裡遠世隱遁 當時我相當訝異 為何劇情是如此鋪陳 雖然當時我看原力覺醒 因為個人人生背景已經物換星移 再次看到原班人馬已經淚流滿面 跟我憶起去看的親人早已離開人世(抱歉離題) 所以現在再看第8集的劇情 內心已經知道答案 原來一個英雄再怎麼傳奇與無敵 終究還是要檢視衝破個人脆弱與不堪的一面 天行者路克就是最佳典範 這部片必須用心地從第一部看到第七部 才能體會到第八部給影迷的感動與真正意義 要不然寫出負評的影迷 相信是不用心的電影白癡,5,最後的絕地武士,good
6,好看.......................,4,最後的絕地武士,good
7,真的神難看，打鬥不精采，劇情很拖戲又無聊，你的錢跟時間很多再去看,1,最後的絕地武士,bad
8,這部的劇情令我十分震驚，相比於前幾部星戰（除5外），跟本猜不到劇情的走向。裡面人物刻劃與角色互動也做得頗用心。當然空戰與配樂還是那麼的驚心動魄，外加少部份笑點安排，個人是認為有為電影加到分的。不過稍微腦弱且不合理的安排還是有的，但我認爲「根本」不影響觀看的興致與故事節奏。整體電影4分，但當我看到以前的角色重新出現且活躍，實在是太感人了～ 所以私心再加一分=) 雖然快要下片了，我還是推薦那些猶豫不決的人去電影院欣賞、感覺星戰的魔力吧:),5,最後的絕地武士,good
9,劇情有點枯燥，不是星戰迷的話應該會看的坐立難安！,3,最後的絕地武士,soso
10,"中間有某角色掛掉讓我很訝異覺得不錯,但除此之外真是乏善可陳...我覺得不是星戰迷的看了可能會昏倒,期待很深的真正星戰迷看了會吐血....(前提是有看過前面幾集)",2,最後的絕地武士,bad
11,這一集的劇本及編導非常差，完全背叛了星際大戰世界精神遺產的連續性，也完全摧毀了它的觀眾與其故事中的英雄或英雌間長久以來的自我想像與連結，看來現在唯一可以解救的方式，就是由迪士尼主動宣布改片名為「星際大戰：番外篇-最後的絕地武士」，說明本片純粹為平行宇宙的故事，而且第9集才是真正第7集的續集，否則，星際大戰的故事與精神從此就被迪士尼毀了！,1,最後的絕地武士,bad
12,不是星迷真的別碰，從頭到尾都在挑戰觀眾智商,1,最後的絕地武士,bad
13,無言_劇情兩邊亂跳 拖延戰術加女主角回來救反抗軍然後結束了==,1,最後的絕地武士,bad
14,星際大戰當年出來的時候我還沒出生，虧我還為了看這部經典去看以前的六集，結果呢? 我跟我朋友在燈打開那一刻我們想到的都是:我他X看了什麼? 整部劇情要馬是在拖戲要馬就在演不會有結果的事情。可以不要一部好看的電影從頭到尾一直在致敬嗎? 電影就一直被九十度敬禮到結束。,1,最後的絕地武士,bad
15,星際大戰太經典，每一步都看，雖然沒有第一步那麽有感覺，倒是絕對值得看。niigu.com網站上有下載，全集<STAR WARS>.,5,最後的絕地武士,good
16,"覺得好看
特效很足夠，又帶點詼諧的氣氛",5,最後的絕地武士,good
17,星戰的支線本來就很多，喜歡的依舊會喜歡與支持。這種大片本來就不好拍，我覺得已經很棒了！,5,最後的絕地武士,good
18,"最後半小時把你的 ""僅有如此"" 感, 全部消失, 最後大戰 讓人驚艷 , 路克大師",5,最後的絕地武士,good
19,蠻失望的   因為沒有第一  第3集  光劍打鬥的畫面 就不是星際大戰了.....,0,最後的絕地武士,bad
20,今天跑去看，真是一部娛樂性十足的電影，絕對是一檔可以抱著爆米花喝著可樂看爽爽的表演。只是很意外這集竟然有小叮鈴的出場。,5,最後的絕地武士,good
21,非常普通，劇情太過不合理，除了星際迷其他人可看可不看,3,最後的絕地武士,soso
22,我不星戰迷 前集真是被我批到爛 這集還算可以 我想可以拍的更好 !! 像是大魔王就被一個屁孩用這暗招幹掉真的不是很好!! 最後終於有點導回來了!!宇宙之大最好只剩你們家族有原力!!,4,最後的絕地武士,good
23,爛死了 支線太多 亂七八糟 朋友還看到睡著 剛好看午夜場完全沒人 只有我們同行的六人,1,最後的絕地武士,bad
24,"迪士尼完全摧毀了星際大戰正傳系列！
（一）30年後還在用造型幾乎沒什麼改款的X翼戰機和鈦戰機，如果是老盧設計一定會照時間推進創造符合「星戰世界30年後」的新載具，讓觀眾第一眼看到認為那不是X翼和鈦戰機，但又可以確信那是30年後改款的機體。同樣地八部曲的AT-M6和First Order AT-ST也是一樣道理，根本就是故意消費粉絲情懷！弒星者之戰和Crait戰役，讓人以爲根本是在看「21世紀版的曙光乍現和帝國大反擊」

（二）到現在還沒交待史諾克的來歷！一個擁有如此強大的黑暗原力使用者，同時又身兼第一軍團的最高領導人，怎麼可能和達斯.西帝與西斯派亳無瓜葛！我們都知道第一軍團是銀河帝國殘黨，憑什麼史諾克可以掌握當年西帝所留下來的龐大資源！？然後一躍成為第一軍團最高領導人？憑什麼？他到底和西斯是什麼關係？是否迪士尼純屬就為反派而創反派？故意設計和西帝類似的角色，又是一次成功地利用粉絲情懷？

（三）我們都知道死星的最初設計是由吉諾西斯人所打造，後來杜酷將其設計圖轉交給西帝。三部曲片尾我們看見西帝、維達、塔金正在監督建造中的死星。俠盜一號中我們了解到蓋倫.厄索為何要為死星設計致命缺陷。結果毀滅力量遠遠超越死星的弒星者基地，橫空出世莫名奇妙地出現在「原力覺醒」中，完全沒頭沒尾就這樣現身，很顯然迪士尼就是為了要製造「21世紀版的曙光乍現」，所以弄出個""類死星""的球體大規模毀滅性武器，又是搞個既視感，讓觀眾高潮大喊：「啊啊啊！這就是星際大戰」

(四）依舊玩「革命政治」之元素！三十年前反抗軍同盟推翻帝國建立新共和國；三十年後反抗軍更名為「抵抗勢力」繼續對抗強大的第一軍團。永遠都在以小搏大，劇情持續在那邊輪迴！電影世界中的時間不斷往前走，結果故事卻永遠停滯不前！

結論：盧卡斯當年創造偉大的科幻傳奇史詩已不復存在，取而代之的是邪惡米老鼠帝國在盧的創意基礎上繼續搞破壞、纯斂財！套一句路克天行者在電影中所說的：「It's time for Star Wars to end」",1,最後的絕地武士,bad
25,好看  可以花錢買票看看 不是星戰就別來了,5,最後的絕地武士,good
26,"展現了與以往不一樣的故事劇情，
的確正如路克在預告中說的：
這跟你想像的結局不一樣….
整部電影有152分鐘，
裡面是滿滿滿的各種讓人驚喜訝異的元素，
有許多幽默有趣的笑點，
當然也是會覺得有諸多感觸的成份….
這裡提供我詳細的觀影心得給大家參考：
https://youtu.be/Un3FGRxZQ18",5,最後的絕地武士,good
27,OMFG的評論比台灣做出來的影評記錄準的多，可以參考，這片77分，不多不少,5,最後的絕地武士,good
28,"我認為這部是星戰系列最精彩好看的一集, 我稱它為""天行者路克傳奇最終章"", 結局很感人, 星戰系列從1979到現在將近40年了, 路克, 莉亞公主, 韓索羅, R2D2, 陪著我們走過, 韓索羅在原力覺醒走了, 路克在這集為了拯救最後殘存的反抗軍也犧牲了, 真實世界中嘉莉費雪也走了, 新一代的絕地武士芮將會繼承絕地武士的精神和傳奇繼續帶領反抗軍對抗帝國. 
  再來談觀影體驗, 絕佳的視覺效果, 震撼的音效, 扣人心弦的情節, 延續第一集以來的恩怨糾葛, 愛恨情仇, 很強的張力, 尤其最後的對決, 是全片最精彩的橋段, 我很佩服導演能想出如此的主意, 真的太精彩了. 路克最後和黑武士對抗說的那句話: ""我不會是最後的絕地武士, 因為已經有比我更強大的絕地武士產生了"", 真的超熱血的一句話. 星戰系列會有新的繼承者繼續不朽的傳奇故事. 如果沒有看過之前的系列可能會無法感受和體會, 可能會和許多人的感想一樣, 這只是部視覺特效/音效很棒但故事不知所云的電影. 所以也不能責怪給負評的人.
  總之2019的最終章是把星戰系列做一個總結, 新一代絕地武士芮和新一代黑武士的最後對決, 反抗軍和帝國對抗的命運, 真的超讓人期待的. 再見了天行者路克!",5,最後的絕地武士,good
29,低成本，沒場面，沒卡斯，爛劇本，廢話拖戲，像在看青春連續劇,1,最後的絕地武士,bad
30,"身為一個星戰追逐者

從前7集+上外傳俠盜

這部片真的有讓人失望

第一次看過有些令人感到高潮絕起的地方

第二次進去看的時候就在中間部分打瞌睡了

中間部分就是只芬恩出任務跟芮訓練過程

這兩塊完全感覺不到想看的吸引力

尤其是路克教學部分感覺根本沒在教學

然後芮也像是橫空出世一般的變強大

中間尤達出現倒是讓我惠心一笑

相信也有不少人對這一幕感到開心

然後史諾克 史諾克 史諾克就死

他也算是劇中大魔王吧

最後應該就是整片最大悲劇

路克就這樣葛屁了

明明他有能力解決凱羅忍

就像是故意放掉機會一樣

讓這個小魔王能繼續維持在第九集

這種讓大魔王先領便當 搞個小魔王繼承位子

然後明明小魔王只是一個愛暴怒的小朋友而已

竟然要領導整個第一軍團!!!

我不知道這樣的角色能領導邪惡勢力打贏一堆有智商高EQ的反抗勢力嗎

感覺像是蠻族跟訓練有素的兵團對決一樣

簡語:

開始精彩 中間分支劇情薄弱 片尾非常糟糕

不如還真照馬克漢米爾頓所說的一樣

讓路克不要變成一個憤世的老頭

讓她變成一個努力為自己錯誤負責任的偉大大師",1,最後的絕地武士,bad
31,今年看過最難看的電影  看完心情很糟,1,最後的絕地武士,bad
32,不管是劇情描述、打鬥場面、角色發揮，都比上一集好看。,5,最後的絕地武士,good
33,"即使評論看起來好像很多人在哭么,但滿意度還是有4分,再怎麼哭,錢也已經花了,下一集出來相信還是會繼續掏錢的。
就是個娛樂消遣,2.3百元花不起?可以考慮以後都用租的就好啊!怎麼那麼愛鬼叫...怎麼不直接跟片商或製作團隊提出意見?在這裡講得義憤填膺,就值回票價了嗎?
看評論再決定要不要去看電影的人,我個人建議都不要去看任何電影比較好,因為你應該缺乏思考能力。",5,最後的絕地武士,good
34,"比上一集難看 不知道在演什麼 
笑點也很詭異 怪獸們也很假 很醜
看到睡著",1,最後的絕地武士,bad
35,這集有比上集進步喔.但是還是比不上盧卡斯執導星戰首部~三部曲.配角的談情說愛太多餘.Luc Skywalker就這樣領便當了..太可惜了,3,最後的絕地武士,soso
36,"比第七集好看太多了
終於有星際大戰的感覺",5,最後的絕地武士,good
37,我是星戰粉絲，我怎麼覺得第八集的光劍打鬥非常難看，完全比不上第三集「星際大戰三部曲：西斯大帝的復仇」，而且論劇情還有造型等等，我還是覺得第八集每況愈下。,1,最後的絕地武士,bad
38,"和家人看完後,只有1個感覺--不覺得坐了150分那麼久
劇情流暢,但 感覺少了點什麼",5,最後的絕地武士,good
39,看到睡著，可能我不是星戰迷，單純以電影欣賞入場看片，整個很好睡,1,最後的絕地武士,bad
40,"Lucas saw The Last Jedi shortly after its Saturday night premiere and, like the hundreds of critics raving about Rian Johnson‘s film, he loved it.

http://www.slashfilm.com/george-lucas-star-wars-the-last-jedi/?utm_source=zergnet.com&utm_medium=referral&utm_campaign=zergnet_2329022


當年看完SW5/ 帝國大反擊 ，無法接受劇情的轉折(叛軍的挫敗，一路被帝國軍追著跑，韓索洛等被出賣…黑武士居然是天行者的老爸…)，失落了好一陣子。
隨著年齡增長，SW5反成為我的最愛（SW4其次）。每當受挫折沮喪時，便把SW5拿出來重看。尋找原力/The force加持，所以SW5看了不下100次。
和好朋友相見是快樂的，但若只和好朋友談往事，時空凍結，沒有新話題，重聚是短暫而沒有延伸的。SW7的問題便是把SW4重抄一遍，滿足了懷舊，卻沒有新意。當年SW5為什麼超越前作SW4，因為拍出不同於SW4童話般的黑暗風格，走出另一條路；經過時間的淬煉，成為SW系列的顛峰之作。
SW8 傳承了SW5 & SW6 的故事架構及發展，滲入了反英雄、反神話的新觀點，並把3C/5G世代的通訊技術，融入原力的跨銀河的溝通之中…也許許多人像當年的我一樣，無法接受這種轉折&安排…但這是新意；進入21世紀的絕地武士，應該有新方向，新思維，不該只是Lucas原創的Jedi & SW，只剩下懷舊而已…",5,最後的絕地武士,good
41,我是星戰迷，我第一次上奇摩電影評分，為了這次的星戰8，我一定要出來評一下，這集的星際大戰真的不太好看，中間有點想睡，結尾變得誇張，遠端透過意念操作的神奇路克，還可以帶有光劍，真不知光劍哪裡來的，越來越誇張了，還是喜歡我小時候看的路克將眼睛閉起來將砲彈射入核能爐…那時真有原力的感覺，現在已經變成超能力了！！ (莉亞公主在外太空還可以活下來，這集是演超人外傳嗎!!),1,最後的絕地武士,bad
42,"真是很糟糕的一集，劇情既亂又鬆散，分支開那麼多，硬加一些不重要無聊的戲，尤其芬恩和蘿絲，
讓人很不耐煩，還有女主角的演技要加油了，這集加入的一些內心戲，黛西完全撐不起來，演忍的演技還OK，
不過這角色真是毫無魅力，當初看完7對REY這角色未來會有期待，現在8的劇本被萊恩·詹森搞爛了，想不出未來9還有什麼看點，失望.......",2,最後的絕地武士,bad
43,"個人影後觀感
我覺得7比8好看
8太多不如預期的地方
中間部份又一直拖戲

莉亞被炸飛從外太空飛回來
我已經覺得有點唐突

芮只是拿光劍嚇嚇路克
路克就跌坐在地
太誇張把路克也演的太弱了

司諾克也死的太瞎了
這樣就死了
不是很會電人嗎！
隨便電ㄧ下凱羅忍就飛出去了
怎麼會這樣就死了
大家想看的是芮跟凱羅忍聯手跟司諾克對打
到底懂不懂星戰迷跟觀眾想看什麼！

尤達莫名其妙出現
自己把聖地燒掉
還繞了一句話這些芮都會
從7到8芮都自學居多..........
她原力是開外掛嗎！
也太強了吧！

路克用個隱分身就不行了
沒這麼弱吧！！！
又在一次貶低路克..........

害有自己人打自己人這段
真的亂演亂七八糟
這樣還想贏第一軍團

從6歲喜歡星戰到現在38歲
不敢說自己有多了解星戰
但該懂該看的沒少過
這次8真的拍的不合邏輯
最多三顆星",3,最後的絕地武士,soso
44,"同意迪士尼拍的是騙錢的, 這部片成本真的超低的, 都動畫合成而已.
原本7看完就發誓絕不再被騙看8, 被朋友慫恿說好看才去看, 看完好看才怪, 騙錢的.
簡簡單單的劇情可以拍150分鐘都是拖戲居多.",2,最後的絕地武士,bad
45,"我平時是個只上來看一下短評跟分數的人.但這次的Star wars真的

是太糟了. 讓我居然會來寫短評. 劇情真的是太爛, 假如是看特效. 更沒有. 以前star wars

做的多麼的認真, 這次完全都沒有. 難到就容許Disney這樣把star wars搞爛

嗎? 這根本就變成了是一部商業片. 做的都不認真. 多加幾個無關緊要的角色增加片長. 根

本沒有以前的水準. 以下就是幾個大爛點:

1. 大魔王Snoke 就這樣死了??  一點劇情伏筆都沒有.


2. 新的黑暗武士那男的就是一臉矬樣. 長的像米老鼠, 怎麼會有維達的味道呢??帶上面具可能還比較好


3. 光劍戰鬥也太爛. 以前Yoda的那一分鐘光劍戰做得多好,多認真. 就算只是只有一分鐘. 但看得出來

就是有用心. 還有之前Obiwan是一把光劍對決general grievous 4把光劍!!!是一對四!! 做得多好....  

現在新拍的裡面完全都沒有.


4. 然後故事裡面太多次要的角色. 這些角色根本就不重要. 基本上就是拖戲用.


5. 最後Luke怎麼劇情會寫成這樣死掉. 真的太爛. 以前Luke是獨自前往Jabba的巢穴解救Leia. 這次躲

在石頭上冥想. 然後到底Luke教了Rey什麼?  拜託, 都二部曲了. 下一部就要完結了, 怎麼Rey還

是搞得像絕地新人一樣. 


最後你能接受你心目中的Luke skywalker就這樣死掉嗎?  真的是太爛.  這根本就變成了Disney的搖錢電影.

以為亂拍一下就可以騙票房.  一點用心制作都看不到. 劇情爛糟糟, 到底Rey身世是如何也沒交代清楚.",1,最後的絕地武士,bad
46,普通，畫質不怎樣，打鬥混亂不熱血，據情中等,3,最後的絕地武士,soso
47,第8集~神救援……真的很好看，我是一個快40的星戰粉，當初看到第7集為了致敬經典而刻意安排的劇情，真的讓我非常失望了好久，要知道這應該是一部雖然承續經典但應該展開新劇情全新展開感受的一部新系列，但第7集完全讓我的期待落空失望，充其量我覺得就是一部適合在緬懷跟回味的作品，劇情，場景，動作，真的都不精彩……，但這部第8集真的是神救援啊…完全達到了我剛剛談到這部新系列展開需要的元素，尤其一開場的5分鐘，就讓我熱淚盈眶的感動，我想任何評論都是只能言傳的觀點，但我這從一開始觀賞就感動到結尾的心情，絕對是無可言諭的…我知道當然還是很多的劇情安排會讓人覺得有瑕疵，有扣分，但我真的覺得整體看完總結就是感動，瑕不掩瑜…，4.1的評價真的委屈了這部新作，讓我這個看短評但近10年沒有評論的觀眾也忍不住想聲援這部電影……謝謝,5,最後的絕地武士,good
48,"92登台再次證明又送走一位偉大人物離開....
三大經典角色永遠沒機會同台了，

從最後的絕地武士，這點來看值得，因最後一次在電影院活著登場，故事中也解開前作留下的問題，除了某部份橋段無必要外，整體上屬於逃難方向，這可能被指有原始三部曲的帝國大反擊之影，但至少步調上跟前作的複製好多了，整體上要在這集收尾其實也說得過去，九部曲又落到上一集的J.J手上恐怕很難看到這集的驚艷了，畢竟都講得差不多該結束，接下來九部曲大反攻應該又有原始三部曲絕地大反攻之複製品吧，總結就是果然老練就是強.... 知道92會害人趕快把光劍丟掉",4,最後的絕地武士,good
49,"我是從星戰7開始變成星戰粉，原諒我ww我還小ww寫的短評可能也不怎麼樣，這次的星戰8我很喜歡，尤其是特效，大愛水晶狐狸，還有打鬥的場面，而劇情雖然有點扯，但在目前我看的這幾部可以說是最好的了

之後來把之前的星戰電影全補齊

還有，
每每看到莉亞公主都眼淚都會不自覺的流下，原本很希望莉亞公主能繼續參與接下來的星戰電影的",5,最後的絕地武士,good
50,"個人覺得前面稍悶
中間開始整個超帥
絕對要去看",5,最後的絕地武士,good
51,"一堆低能國中生看不懂電影就亂評分
這裡應該要有個年齡限制",4,最後的絕地武士,good
52,棒棒，路克用念力投影在戰鬥上，綠精靈用神力炸掉絕地武士的據點炸掉，最高領袖被男武士背叛，女生用念力把巨石移開，各種高潮迭起,5,最後的絕地武士,good
53,"一部史詩級超級好看的電影,被一群屁孩差評如此低.麥可在此要說句公道話,很棒的星際大戰,不看可惜啊!",5,最後的絕地武士,good
54,劇情爛，反判軍根本每個廢物，裝備爛，人員爛,1,最後的絕地武士,bad
55,"場景、運鏡、劇情整體實在太弱, 覺得好像在看山寨版的星戰...比起上一集落差實在大, 幸好有幾幕特效仍有原來的水準。",2,最後的絕地武士,bad
56,我從1977年星際大戰四部曲上映以來，每部都是初上映就到電影院觀賞。但「最後的絕地武士 」這部真的是浪費時間，甚至比評價不佳的首部曲：威脅潛伏還要糟糕⋯迪士尼把遊戲給EA做成課金遊戲，連電影都拍成騙錢作品。,1,最後的絕地武士,bad
57,背負著第七集票房大賣20億美金的正宗續作終於上映，可惜這次表現差強人意，想要超展開可惜後繼無力，差點葬送原力覺醒帶來的完美開場及光環，本作我只願意給70分，我能理解本作不按牌理，故意唱反調的劇情，是為了讓觀眾更有驚喜感，但編劇自作主張… 安排多餘的設定，真的讓粉絲看了非常出戲！,3,最後的絕地武士,soso
58,"看到這麼多工讀生給1星....真的覺得噁

小弟從來沒看過之前的星際大戰，但因為這部讓我深深愛上了!!  
絕對是今年大戰類最好看的一部電影，畫面美，有笑點也很感動~

非常推薦沒接觸過星戰的朋友來看這部，絕對不會有看不懂的問題!  而且還會很喜歡!",5,最後的絕地武士,good
59,"果然是整個星戰最好看的一集啊~
特別是芮會不會墮入黑暗勢力時
讓我感到糾結，我就在想，難道會出現下個女達斯‧維達嗎?
不過結局當然是
不劇透",5,最後的絕地武士,good
60,"最最實在的評論就是
不好看.........................",1,最後的絕地武士,bad
61,"難看死了，看到快睡著
全部給五顆星的都是影城工讀生在灌水…爛死了！氣！",1,最後的絕地武士,bad
62,"冷場時間很久  2度快睡著了

期待光劍對決也很少

很失望，以前的三部曲好多了

星戰竟然變成雷片....",1,最後的絕地武士,bad
63,恭喜凱羅忍的演技進步了~但是這二部曲已經跳脫舊作的架構，說大戰也不像有，本集空戰和光劍對決也很少，爽度不如外傳，法斯瑪就這樣掛了，然後好人永遠都有好運加持，看完平平淡淡的，唉~看進電影院的人數就知道，真的只有像我這種星戰迷為了看而看!!,3,最後的絕地武士,soso
64,"沒看過前幾步就會看不懂~幾十年過去飛機都沒進步過~不是星戰迷就別浪費錢啦!
原來路克是才是最強的天行者~只可惜....不能破梗了!",4,最後的絕地武士,good
65,"五顆星的工讀生，不要再欺騙大家了，除非你是星際大戰迷 你可能可以撐完全場不睡著，
不然 我建議你們等HBO上映在看就好，真的是 爛 片一齣，劇情薄弱，一堆人瞎忙了一陣子，然後呢?
，如果你有失眠 可以進場試試 可能有奇效。",1,最後的絕地武士,bad
66,非常的精彩啊！其實原力從來都是平衡的，一切都是個人的選擇！這真的是最精彩的一集啊，神劇本！真的大推！光明永遠與黑暗是一體兩面的，互相牽引，互相剋制，更是互為因果，星戰迷真的不要錯過了！,5,最後的絕地武士,good
67,真心覺得不好看，劇情亂湊一通~~,1,最後的絕地武士,bad
68,整部片一直很緊湊的在瞎忙 光劍對決生硬的很讓人出戲 我覺得沒有123部曲來的流暢 老實說有些橋段太一廂情願了 其實這些要角的演技都很普通 沒到難看 也沒到看不懂 就是...大家都在聊 就去湊湊熱鬧看一看的電影!,3,最後的絕地武士,soso
69,毫無冷場，真的超精彩~~~BB8超可愛哈哈,5,最後的絕地武士,good
70,"還可以 有點美中不足 有些劇情連接很怪 
路克那邊可以在精彩點",4,最後的絕地武士,good
71,太多不合理劇情的地方。。。。。,2,最後的絕地武士,bad
72,非常超值的星戰續作！每場戰役都是經典 實在超值！！,5,最後的絕地武士,good
73,比上一集難看。。。找一個女胖子演這個角色沒人了是嗎？,1,最後的絕地武士,bad
74,"片中第一軍團的 「captain」如為機艦的指揮官，宜翻譯作「艦長」是指職位,而不是「上尉」的官階，就上尉的官位而言還無法擔任指揮巨艦的重責職務，我是上尉退伍的人士，尚可略窺此門道。精準的翻譯，可以兼顧觀眾看戲的熱鬧與門道。(差不多的翻譯，所造成的違和感，會差很多。)",3,最後的絕地武士,soso
75,好看刺激，滿足，其他就不破梗了,5,最後的絕地武士,good
76,"這次星戰比上次難看完全跟盧卡斯導的不能比,有些片段太悶都有點快睡著,盧卡斯都至少有好幾次小高潮,真的是完全不能比。",0,最後的絕地武士,bad
77,雖然有些人的短評不是很好 不過我自己去看倒是一路刺激到底了～五顆星啊～而且裡面有隻動物很可愛啊ＸＤＤＤ,5,最後的絕地武士,good
78,非常非常好看👍 完整延續過往star wars的風格，故事線的鋪陳也相當有水準，看得出來系列走向是朝著改朝換代與加入新血進行，而劇情內容又保有star wars的原始傳統，也是時候煥然一新了，對於接續的故事也是充滿期待~反抗軍之星火尚未完全熄滅，火苗將於遍地開花，戰火將於遍地燃起，真正的戰事才正要開始~To turn over a new leaf and give it a new hope~ May the force be with you🖐,5,最後的絕地武士,good
79,這集風評相當高，期待指數相對很大，在這很高興的說，此片沒有辜負我的期望，的確是超高水準！我不敢說是當今最棒的星際大戰電影，至少有水準之上，總之比原力覺醒好看許多，跟上一集比起，格局的確放大不少，廠景更加華麗生動，腳色也都很鮮明，各有各的戲份，劇中都有所發揮，其中天行者的演技讓我很驚訝，他的確是此片的重心，在劇中的安排非常令我滿意，這麼說不知道能不能體會，不過這集給我的感覺非常像是正統的星際大戰電影，尤其是故事結構跟帝國大反擊很像，另外也有不少元素跟絕地大反攻很類似，但是跟原力覺醒比起，我覺得此片故事發展還蠻創新的，其實原力覺醒最大的問題就是跟首集曙光乍現太過於相似，導致電影格局很保守，此片卻是完全捨棄前一集的手法，這點讓我很高興，當初就是擔心說這集該不會又是帝國大反擊的抄襲版，很高興導演改走不一樣的路線，其實結論還蠻簡單的，如果你是標準的星戰迷，此片相信會非常滿足，它不僅保有著傳統的故事手法，同時又引領觀眾至不一樣的新發展，這點給導演拍拍手，非常不簡單！至於缺點，片長算是很長，雖然節奏掌握得很好，但是中間多少有點拖累，而且動作場面老實說並不多，空戰場面是不錯，但是光劍對打戲卻是相當少，感覺不如俠盜一號這麼滿足，我當初期望此片會有類似黑武士的霸氣戲碼(俠盜一號片尾)，但是卻沒有，而且Phasma隊長再次沒得發揮，這點大概是我最失望的，假如你存翠只想看動作爽片，此片我不確定會不會喜歡，但是此片的故事結構及流暢度是一大優勢，最終我走出戲院是感到很滿意的，最後不得不提到凱莉費雪，大家擔心說此片要怎麼歡送她，老實說我看完後還是不知道，也難怪下一集導演跑了，換成前一集導演JJ亞伯拉漢，想必責任非常重大，不是每個人都有能力扛起的，我們只能期盼了。,5,最後的絕地武士,good
80,"本片觀看重點
技安妹
技安妹
還是技安妹",3,最後的絕地武士,soso
81,"很好看的電影,但是個人沒有覺得有驚豔的感覺,很值得進電影院看.",4,最後的絕地武士,good
82,"如果你是星戰迷，這一集可以進戲院看，可以感覺到有很認真拍。不過少了迷人的反派角色，原力就無法平衡，這部片因此未能更上一個層次。
星際大戰電影的故事是有連續性的，不是星戰迷會比較無法體會出星戰電影的況味，只能看熱鬧，這是在所難免的。
如果看了這一部片之後，會讓你會想找前幾集來看，歡迎你加入星戰的世界。",5,最後的絕地武士,good
83,"身為星戰迷!

每一部電影都看每一季動漫也看!

看完這一集覺得沒必要跟其他集做比較!

每一集都有他的故事跟特色!

所以用心去看才會覺得好看!",5,最後的絕地武士,good
84,"我覺得非常非常好看 電影一開場就已經在高潮 劇情的進度雖然緩慢 但沒有讓人想睡覺 電影張力十足 我實在難以猜到接下來的劇情 每個角色也都應該有他各自的發揮 每個角色接下來的善惡抉擇 也讓人難以捉摸 所以我認為很好看 這次的編劇 我覺得寫得不錯 我從小看星際大戰到大 說實在這集真的不錯看 雖然有些地方會讓你覺得很瞎 但是瞎的又覺得有點道理 原力不就是這樣嗎? 戰鬥場面 稍嫌弱了一點 還有強弱平衡 也會較讓人難以信服 
但我還是覺得他是部好電影 期待兩年後的下一集 這次愛情戲碼 也不錯 加入了一個讓難以判斷結果如何的角色 說真的我蠻不喜換這個新角色 我很渴望看見男女主角的愛情能有結果呢! 拜託編劇別鬧 行行好可以嗎? 我建議如果想支持星戰的可以買票進電影院 但如果怕失望的 要等租片來看也可以 每個人對每部電影的觀感 本來就不同
因為每個人自身成長環境與知識都不同 但我覺得喜歡科幻片的 不會失望 這部電影有幽默 有張力 有科幻 有劇情是部好電影 希望他能有好的票房成績",5,最後的絕地武士,good
85,早上去看了台北國賓大廳早場  進場時觀察到  觀眾有一半是和我一樣   從40年前開始看到現在的星戰老影迷  散場時卻多半都是失望表情  劇情冗長老套  畫面了無新意  炒冷飯而已  連國賓大螢幕大音響都無法加分  不建議老影迷進場  留著看電視重播就好,2,最後的絕地武士,bad
86,過往告段落 讓星戰全新的開始 非常非常的好看 有帝國大反擊的感覺,5,最後的絕地武士,good
87,甘道夫的出現讓我嚇到吃手手，尤其是他屌打絕地武士那一幕，絕對是這集的賣點,4,最後的絕地武士,good
88,明明就很好看....但這系列的電影如果不是星戰迷，步了解前因後果或單純看熱鬧或劇情，本來評價就兩極，如果你是真的星戰迷，根本不需要在意那些評價，你不會後悔的，很好看，至於說不好看的，只能說你不了解星戰的魅力....你應該前面幾集都沒看或跳著看，或根本湊熱鬧吧....,5,最後的絕地武士,good
89,基本上....這邊留言會說星戰8很好看的，我猜大概都是電影院的工作人員，為了票房的關係拉好平價而已.....,1,最後的絕地武士,bad
90,"星際大戰第8集,有史以來最難看的一集

~~~~~~~~~~~~~~~~~以下評論會透露一點劇情~~~~~~~~~~~~~~~~~~~~~~

我只能說如果導演是想拍一個宇宙戰爭片,那就去拍星際爭霸戰

看一些小人物在那邊胡鬧無聊死了~胡鬧就算了還沒笑點~

這是星際大戰,絕地武士勒我的原力勒?

然後芮的身世之謎就一個路人甲生出來的然後原力超強~也不需要接受訓練

前六集的絕地武士的苦行修練從小要訓練到大都白癡就對了

完全沒爆點劇情超弱,愛情硬要擠出一點又擠不太出來超莫名其妙

莫名其妙的超能力完全沒有原力的感覺不過就是超能力

總結這就是就是一部戰爭片

除了路克最後一幕在夕陽下落幕,我才看到星際大戰的感覺

其他爛透了",1,最後的絕地武士,bad
91,"故事架構薄弱
前面有些拖戲
快到片尾時突然高潮起來
整體4個星",4,最後的絕地武士,good
92,沒有想的好看，為什麼那麽多人說好看，還是我看不懂。,1,最後的絕地武士,bad
93,感覺這集會被砲很慘 怎麼跟第7及差這麼多?,1,最後的絕地武士,bad
94,五味雜陳... 感覺就像一個包裝精美的禮物盒 上面綁著緞帶 拆緞帶的時候很有趣 但是拆開之後 裡面是空的... 格局沒有像複製人大戰那樣大 第一軍團也沒有讓人覺得有什麼實力可以統治銀河系 就只是軍閥而已 感覺沒參加戰爭的平民也隨便過自己的生活 然後順便賺戰爭財 光劍戰鬥是有一段真的很精彩 但是我還是覺得前傳的光劍決鬥比較有華麗跟創意 還有那些小鳥有些鏡頭看得出來是機械控制的 還不如用純CGI表現的好看 反派頭頭... 算了 不爆雷了 反正感覺是兩個詭異的陣營打架 但是其他星球都無所謂 看他們蝦忙,3,最後的絕地武士,soso
95,有夠難看 一級比一級難看 下一級不可能在受騙了,1,最後的絕地武士,bad
96,"感覺出來想要跳脫以往框架
但該解釋的還是有一些部分沒有交代清楚
讓人覺得疑惑...
但也說不上難看
只能給普雷",3,最後的絕地武士,soso
97,"進電影院前，千萬不要看劇透、不要看影評、不要看YouTube心得分享。這兩個半小時會讓你感動滿滿的。
千萬千萬不要先看影評哦",5,最後的絕地武士,good
98,星戰的極致之作，空前絕後的神片，為共和與帝國的善惡戰爭揭開全新序幕，雖然反抗軍英雄不斷前仆後繼犧牲殆盡，在黑暗之中已剩微弱星光，但燎原火種在片尾的反抗軍象徵中重新燃起......May The Force Be With You,5,最後的絕地武士,good
99,能看到這部電影身為星戰迷的我真是感動莫名!這幾年來沒幾部電影可以讓我這麼投入的。不破梗，去看了就知道!,5,最後的絕地武士,good
100,又一個領便當，莉亞有不死之身？個人覺得還好，芮也太強大,2,最後的絕地武士,bad
101,大推IMAX版本，這集給大家滿滿的大場面，戰鬥畫面絕對看到你熱血沸騰，劇情順暢不像俠盜一號跳來跳去很難懂，劇情緊湊都沒有冷場的感覺，非星戰迷也大推，只是莉亞的戲份最後還是沒交代清楚QQ，不知道後續要怎麼演下去了,5,最後的絕地武士,good
102,真的非常好看！剛看完,5,最後的絕地武士,good
103,"好看
推薦
星戰迷不容錯過
看得很過癮👍",5,最後的絕地武士,good
104,真的太好看了~星戰迷ㄧ定會有滿滿的感動!,5,最後的絕地武士,good
105,好看,5,最後的絕地武士,good
106,比第七集好看十倍，劇情緊湊無冷場,5,最後的絕地武士,good
107,"從開場的太空大戰一直到最後的地面戰，
我的心情一直被這部電影給牽著走…
很不錯的一部電影~~
基本上從2015年看過七部曲之後，
我就沒再二刷該片了，
基本上就是全憑兩年前的記憶來看這部最新的星際大戰了，
所幸並沒有造成很大的困擾，
嚴格來說，
這一片的整體成績是比七部曲要來的好一些...
無劇透的完整圖文版文章，歡迎上：
.
http://gys2.pixnet.net/blog/post/344950282
.",4,最後的絕地武士,good
108,"看完了，斯諾克就是個配角中的配角，路克隨便都能滅了他
但是為什麼沒有
劇情很出乎意料
快點去看吧",5,最後的絕地武士,good
109,"搶頭香，重頭到尾絕無冷場!
超好看，精典就是精典，最後那一場大決戰真的超超棒!",5,最後的絕地武士,good
110,成功創造新角色，也成功的揮別了舊角色的包袱，但卻又呼應了舊角色的命運，成功的續集電影,5,最後的絕地武士,good
111,真心不推薦 前面的部分就是最好看的了 那段落看完就可以走了,1,最後的絕地武士,bad
112,"無論是老梗新裝或新梗老裝 都還OK，上一代的和上上一代的和上上上一代的從星8客開始終將歸零（藍光梗),但為什麼新的三部份結尾都要躺一個昏迷，看來星戰應該是不會結束了！等ＪＥＤＩ絕種之後就要趕上迷航系列囉！",5,最後的絕地武士,good
113,"樓下的！不要還沒看就亂評好嗎？真的是腦X
真的好看阿！",5,最後的絕地武士,good
114,還沒看我已經知道下一個黑武士是誰了,1,最後的絕地武士,bad
115,A,5,最後的絕地武士,good
116,😊,5,最後的絕地武士,good
0,沒啥劇情吧，當然這種電影也不是賣劇情對的。niigu網站上有下載，yahoo搜索niigu，這個網站上很多電影都有,3,攻殼機動隊,soso
1,沒看過原著，但看完整部電影仍不懂劇情跟電影名稱攻殼機動隊有何關係?找了大咖女演員跟充滿未來世界感的特效及新穎題材，卻硬要把很多劇情演出來但又都沒交代清楚，實在很可惜!最後經典名言：人格並非由記憶來定義，而是我們的行為造就人格的定義，令人省思!,3,攻殼機動隊,soso
2,"一般般,或許是情感的部分表現不太夠,看完總有點空虛的感覺",3,攻殼機動隊,soso
3,和原作的層面差太多了，劇情也是完全不一樣,1,攻殼機動隊,bad
4,我沒看過動漫，但電影真的難看，生化人要找回自我已屬老梗，平平淡淡，只剩下華麗的特效再撐電影~,1,攻殼機動隊,bad
5,".......

美女,

攻殼車.....",2,攻殼機動隊,bad
6,難看到爆,1,攻殼機動隊,bad
7,難看到爆,1,攻殼機動隊,bad
8,"好看！特效也蠻酷的
",5,攻殼機動隊,good
9,95分，酷酷酷，比玩命8好看,5,攻殼機動隊,good
10,"近幾年來，人類邁向智慧科技的步伐越趨快速，諸如自動駕駛、語音人工智慧助理、智慧家電、智慧語言學習系統等如雨後春筍般出現，日前特斯拉執行長伊隆·馬斯克更宣布成立Neuralink公司實現「神經織網」技術。在人腦與電腦植入技術有望成真，《攻殼機動隊》有機會在現實世界真實上演之際，1995 年押井守驚豔歐美的《攻殼機動隊》真人改編電影也同步上映。是繼《肌膚之侵》、《露西》後，史嘉蕾喬韓森再度挑戰超智慧個體與自我意識衝突的作品，姑且先將這三部粗略命名為《史嘉蕾意識三部曲》吧.... 

全文: https://www.moviemovie.com.tw/forum/viewthread-7367-1.html",3,攻殼機動隊,soso
11,"我沒看過原著所以沒有先入為主的觀感,有人說內容空洞,我倒覺得那是沒用心看,明明女主角整場都在找尋那個主題....,總之視覺音效很讚,內容是新題材,我幾乎不看科幻片,但這部推薦",4,攻殼機動隊,good
12,特效很棒，但內容空洞無比。,1,攻殼機動隊,bad
13,很值得看的一部電影,5,攻殼機動隊,good
14,好看啊，雖然劇情老梗，但光看3D特效就值回票價，只是有點不合乎邏輯如果沒有知覺的話如何控制力道，抓自己咪咪時會不會爆掉阿？,4,攻殼機動隊,good
15,"真的很無聊
如果你真的沒事無聊到不知道要幹嘛也不要去看
回家睡覺都比較好",1,攻殼機動隊,bad
16,特效很棒 ， 劇情還可以,4,攻殼機動隊,good
17,"雖然沒看過原作~~但故事走向過於平淡 沒甚麼記憶點 讓你回味的

故事緊湊 都是以跳過 帶過 來詮釋~~就是日本為風格 

還蠻多類似 或看過得電影 故事背景~~",3,攻殼機動隊,soso
18,"攻殼機動隊本來就不是爽爽看的那種類型，不想動腦的都會看不懂並且對它評價很低。
不過電影為了商業考量已經簡化很多，2小時要囊括整個世界觀和人心細膩情感的部分真的很難
是說荒卷......北野武一直有很尷尬的感覺XD",4,攻殼機動隊,good
19,其實蠻好看的,5,攻殼機動隊,good
20,大爛片,1,攻殼機動隊,bad
21,"我沒看過原作 但 基本上劇情蠻老梗的 就單純的復仇片 主角醒過就知道劇情的走向了

描繪了未來城市的可能藍圖 看過原作請當作同名作品看待吧",3,攻殼機動隊,soso
22,ㄈ,5,攻殼機動隊,good
23,我算是常去戲院看3D版本的，這是少數感覺選擇多花錢看3D真好的其中一部。,5,攻殼機動隊,good
24,特效話面很棒，故事題材新穎，很值得一看，別被評分誤導。,5,攻殼機動隊,good
25,不錯看！,5,攻殼機動隊,good
26,"個人很喜歡這種類型的電影
也很喜歡Johanson 
給四顆星的原因是
感覺不夠讓人刻骨銘心（？
可能是架構太龐大 
兩個小時不夠吧",4,攻殼機動隊,good
27,"我也是在攻殼機動隊電影版還沒有上映前,我有聽過這個日本動漫畫作品的大名,但我就是看電影才認識和愛上攻殼機動隊原作想要表達的構思和意涵,史嘉蕾喬韓森詮釋得草薙素子真的很棒!!! 我還蠻愛的所以我覺得很好看,希望還有續作電影",5,攻殼機動隊,good
28,"就像是a-team、哆啦a夢stand by me 一樣，屬於前傳的故事內容，
草雉的及卡特的義體發展，都有帶到，
如果沒有看過士郎正宗的原著，有可能會看不懂在演甚麼。
真人版的詮釋，在現今的電影科技發展下，有很棒的新視野享受。
音效部分稍弱，但瑕不掩瑜。
(如果你的名字或怪物的孩子拍真人版不知會如何)",5,攻殼機動隊,good
29,"超喜歡Cyberpunk未來感的風格....這部以1995年日本劇場版押井守的版本為主軸
視覺特效、美術一流、主角""草薙素子""也詮釋很像~!!!",5,攻殼機動隊,good
30,畢竟才2小時電影，實在無分概括原著的精神，反而有點不倫不類,1,攻殼機動隊,bad
31,我覺得滿好看的呀！,5,攻殼機動隊,good
32,"行。
當作動畫版的平行時空就是一部好片。",4,攻殼機動隊,good
33,"故事內容很酷呀！
單純想看殺來殺去而給低分也太🙄",5,攻殼機動隊,good
34,"不知是否是早上去看的關係
整片看下來打了10次哈欠
沒有看過原作，就純看電影來說是還好  沒預期的那樣好 但也不算很差很差 就是沒啥太大爆點 等第2集再來看看",2,攻殼機動隊,bad
35,評一顆星的，只想來這裡獲得存在感嗎？你的人生就只會出一張嘴而已覺得悲哀到極限,5,攻殼機動隊,good
36,好看，特殊題材，劇情還不錯,5,攻殼機動隊,good
37,"其實從預告一出來我就非常非常不看好而且預告越多看的越生氣
但沒想到電影和預告完全不一樣（所以說好的預告剪輯真的很重要..
我是個從動畫電影到電視劇都全部有看過的粉絲
本來以為會被嚴重冒犯
但很意外的並沒有這樣的感覺
電影改動了一些原本的設定，但沒有改到讓人覺得莫名其妙
而有些畫面也真的還原的很不錯，本來以為會有錯置的感覺但也沒有
這樣的貫穿，反而讓人有 這是另一個宇宙，因為一些改動一些決定不一樣，而演變出不同結果的感覺
至於演員洗白的部份，我沒那麼偏激，覺得洗白就是洗白不想看
本來動畫和動畫電影就很白人嘛 1995版的完全就是白人
而且故事裡有把外型的部份化解掉了（化解的方法巧妙或強行就看個人 我個人是能接受）
而我也能理解為什麼要選史嘉麗的，畢竟電影公司需要票房，而史嘉麗真的也演的很好（身材的問題也可以看過電影再討論 電影裡的身材真的很好)
故事裡也有回歸到她就是素子 只是外型不一樣了而且很好的貫穿主題 個人覺得算是有誠意的了
建議有疑問的人可以去看一下再生氣也不遲XD",4,攻殼機動隊,good
38,說不好看的看原作才真的會睡著,5,攻殼機動隊,good
39,"看在特效給兩顆星
不是攻殼而是生鏽女版的機器戰警，沒看過反應那麼慢的特務，隊長迷茫整場
音樂表現乏味，結果把有味的動畫版原曲放在片尾，版權買了還不會用
編劇只是編壞劇情，導演搞砸一切",2,攻殼機動隊,bad
40,"整體的劇情相當流暢,主角們演的很好,特效更是做的沒話說!!  好片",5,攻殼機動隊,good
41,衝著黑寡婦去看的，演技是真的很棒，但劇情老梗，而且該精彩的地方點到而已，根本就不值得特地衝去看。😑相較之下，真的比較喜歡劇場版最後結尾的設定,2,攻殼機動隊,bad
42,好看.,4,攻殼機動隊,good
43,"效果不錯，得認真看
給ㄧ顆星的有去看嗎！？😵",4,攻殼機動隊,good
44,"還是動畫劇情比較好看
這裏讓我吐槽一下
還我動漫版強大帥氣美麗的無敵少校",4,攻殼機動隊,good
45,對於這種另類題材的電影很喜歡，特效也很棒，劇情與格局太小 ，評分大約落在4.2吧，沒3顆星那麼誇張,5,攻殼機動隊,good
46,失望.......,2,攻殼機動隊,bad
47,Very nice ,5,攻殼機動隊,good
48,如果沒有特效加持這部片真的太催眠,2,攻殼機動隊,bad
49,就算忘了原作劇情也會入戲喔,5,攻殼機動隊,good
50,"這部片大致上是改編1995由押守井制作的第一部攻殼機動隊OVA~內容與劇情有作些改編
電影比較著重草薙素子的內心戲~加了一些無關緊要的路人甲乙丙的科學博士
故事改編的普普~沒有什麼矛盾的地方~拍攝的手法及畫面色彩蠻優的~
配樂很難得的好萊塢會延用原來的~尤其是片尾時的配樂跟1995年的OVA一樣
沒有辦法打滿分~個人覺得史嘉蕾不適合演草薙素子~加上他走路一直駝背
不知道是不是想要演出生化義體人的感覺~但總覺得怪怪的
如果有看過1995年的OVA~再來看這部電影~會覺得SO SO ~沒有太失真也沒有太突出的表現
原作太過於強大~以致於後續之作很難再突破",3,攻殼機動隊,soso
51,我睡著了,1,攻殼機動隊,bad
52,不賴,5,攻殼機動隊,good
53,👍👍👍,5,攻殼機動隊,good
54,"劇情,特效及場面都值得進戲院,特別是電影版改編過的劇情,簡單易懂!! 有時YAHOO影評是會失準的 
特效與劇情都值得加分,特別是最後一段的劇情, 關於素子的親情,後面有感動到",4,攻殼機動隊,good
55,我只看到史嘉蕾一直在駝背...,4,攻殼機動隊,good
56,其實還不錯看！👍👍👍,5,攻殼機動隊,good
57,女主角演技不錯，整部片視覺效果讚值得去看。,4,攻殼機動隊,good
58,我剛才到底看了三小，早知道拿這個錢去捐給流浪狗買蚤不到,1,攻殼機動隊,bad
59,"電影動畫效果蠻不錯的，但劇情真的都想的到～
看完蠻無感的一部片，真的不好看也不難看，很難給評價！
不到３顆星的原因大概就是真的很無感吧！
就留著在家看然後把錢花在別部片上面比較值得！",2,攻殼機動隊,bad
60,好看 特效棒,5,攻殼機動隊,good
61,還OK阿  不錯看阿~~,5,攻殼機動隊,good
62,"就老梗。主角誕生後逐漸變強了。
在某個重大辦案中發現真象
找害她失去身體的人算帳",4,攻殼機動隊,good
63,"不知道是不懂世界觀還是怎樣
整部片子不知道為甚麼平鋪直敘的 好像就是欸有壞人我要去找壞人就醬
城市太前衛了無法理解這種前衛的設計抱歉
第一次看完電影出來會覺得很難過
覺得這部片子完全不知道在幹嘛
我猜應該是整形新科技的宣傳廣告電影",1,攻殼機動隊,bad
64,"沒看過原作或對原作研究不深的人會喜歡,
攻殼腦粉要去看要做很強的心理準備....",3,攻殼機動隊,soso
65,…,1,攻殼機動隊,bad
66,我覺得比想像中好看欸,4,攻殼機動隊,good
67,好看呀...差點被評分誤導到沒去看,5,攻殼機動隊,good
68,沒看過原漫畫，不論是畫面、題材都很新鮮，壞人死掉那段前後呼應我超愛！！！！當然可能礙於電影長度收尾草草，但是整體來說是一部很不錯的片字，不論是科幻、畫面、情感聯繫、懸疑整個綜合在一起一點都不突兀，既爽又好看的電影。片名誰取的...真的跟攻殼機動完全無關連，地殼機也才出現電影最後一個打鬥場景而已,5,攻殼機動隊,good
69,我覺得不錯啊，我沒看過原著。,4,攻殼機動隊,good
70,不能只有我浪費330 錢不好賺,2,攻殼機動隊,bad
71,我還以為是「攔截記憶碼」續集，😂😂😂,2,攻殼機動隊,bad
72,我是沒看過漫畫，但我發現沒看過也沒關係~因為裡面劇情和拍攝手法都讓人值得進去看了!用日式美學外加美式緊湊不馬虎的拍片手法~真的很值得去電影院看一看!平反一下那低到不行的分數...,5,攻殼機動隊,good
73,"評論根本不準 
超好看
非常有深度跟人性描寫
即使是機器也體會到人格並非記憶 而是我們的行為造就人格 ",5,攻殼機動隊,good
74,good,5,攻殼機動隊,good
75,還不錯看,4,攻殼機動隊,good
76,我沒看過原著，看完電影我心裡的目標分數大約4.2，電影其實不壞，我實在不能理解，奇摩電影分數，怎麼會跟我認為的分數差那麼多，通常都差不多才是啊！,5,攻殼機動隊,good
77,"推薦影片https://youtu.be/WjZJ03g12Xo
推薦:★★★★★★★☆☆☆

非常推薦給：對攻殼機動對題材有興趣的朋友~去看!喜歡科幻動作爽片的朋友!去看!!深愛史嘉蕾喬韓森的朋友~一定要去看!!!這部電影探討【人性的獨特，不是可以被機械取代的】，人也不是機械不能給別人來操控，強調【人】的價值與生命的尊貴",4,攻殼機動隊,good
78,由漫畫家「士郎正宗」於1989年所畫的科幻漫畫，融合了後來許多版本動畫而簡化改編成的真人版電影，劇情流暢、特效很棒。與其他的日本電影雷同，都有偵探式的尋獲真相。是部富含存在價值與人格意義及哲學的影片。,4,攻殼機動隊,good
79,昨天去看了，不覺得是3.5的分數，水準應該有4分以上，給個5分平均一下~,5,攻殼機動隊,good
80,就是爽片…,5,攻殼機動隊,good
81,找了大咖演爛片....,1,攻殼機動隊,bad
82,沒看過原作。整體我覺得算流暢。也沒像總評這麼低分啊⋯⋯,5,攻殼機動隊,good
83,剛看完IMAX3D的【攻殼機動隊 ghost in the shell】個人覺得非常好看！無論是人物、場景、動畫、攝影、配樂、劇情等各方面都做得非常細緻用心，每個畫面都很講究，最後播放出動畫經典配樂時都起雞皮疙瘩了~ 會讓人想再看一次的好電影~ 不管有沒有看過原版動畫的朋友都值得去電影院好好欣賞一下喔~ 很享受！建議看3D會更有臨場感喔！,5,攻殼機動隊,good
84,只有難看 沒有別的!!,1,攻殼機動隊,bad
85,配服原作者在幾十年前就已經有這些高科技的概念了，現在看起來有些東西，的確已經有了。,5,攻殼機動隊,good
86,"有閒錢就去看吧!我全家一起看電影第一次遇到老婆兒子輪流問我還有多久結束,原來它們看到睡著了!",2,攻殼機動隊,bad
87,Goog,5,攻殼機動隊,good
88,現在晚上11點的場剛出來，忍不住上來留言一下，工讀生別再洗高評價了，真的不好看就不好看，別害人浪費錢跟時間啊！,1,攻殼機動隊,bad
89,少佐根本神還原、且機械體質感超到位，除部份設定更動與星許違和感，整個大融合原創士郎正宗、電影版押井守、電視版神山健治，沒讓我失望！素子好帥！巴特也是，濃濃人情味！,5,攻殼機動隊,good
90,"故事內容很棒

女主角身材好

故事人物鮮明

很有日本禪意",5,攻殼機動隊,good
91,基本上都OK，就是對幹畫面太少...,4,攻殼機動隊,good
92,非常好看,5,攻殼機動隊,good
93,明明就好看，一堆莫名垃圾評價故意來亂的,5,攻殼機動隊,good
94,除了劇情上面感覺有點bug感覺到怪怪的、飾演母親的人物不到位、垃圾車工人死的很怪、荒卷幹嘛設定日語....，其餘非常好。,4,攻殼機動隊,good
95,去電影院就是要享受，好看,5,攻殼機動隊,good
96,不喜歡反派的設定,4,攻殼機動隊,good
97,真人版來說，特效做得非常好，女主完全撐得起這部戲,5,攻殼機動隊,good
98,果然有殼沒有魂,1,攻殼機動隊,bad
99,除了臉部特效不錯之外，劇情、動作、武器、角色，都讓人大失所望！,1,攻殼機動隊,bad
100,"評論寫了這麼多頁,不用再懷疑了,去看就對了.",5,攻殼機動隊,good
101,還可以。值得,5,攻殼機動隊,good
102,失望，只能說預告片比電影好看，很久沒看一部電影看到後半段已經在想等等要吃什麼了……唯一值得稱讚的是畫面顏色和質感都處理的很不錯，如果當成是藝術電影看的話評價應該會高很多。,2,攻殼機動隊,bad
103,"之前的預告 真的感覺很差  直到看完 才知道 不是雷片  
說雷片  跟看到睡著的 不知道是不是有問題

有點小缺陷 就是結尾太短 !! 大致上 特效非常棒~~
希望有幫助到 大家^^~",5,攻殼機動隊,good
104,根本廢片、浪費錢、也不知道在做什麼、劇情又爛，這樣也能拍電影嗎？一年中能看到這樣的廢片也不容易,1,攻殼機動隊,bad
105,其實這部漫畫的架構很難拍得空洞 .電影公司選導真的很重要 拍MV廣告出身的名導. 給了他不差的預算 資源 演員.  都沒辦法好好的把故事說好 很愛炫技用大量的華麗CG特效塞滿畫面 像飢餓遊戲後面幾集的導演一樣 駕馭不了好的劇本 更不用說變形金剛的導演了  攻殼這個導演之前就搞砸過 公主與狩獵者 反正它們都不會以拿獎為目標 只要觀眾買票進場可以交代就好 可是他們知道他們折損的是原著的價值嗎? 或許這也是在勉強這些以MV式影像為重的導演 因為MV導演只管畫面 歌曲好不好聽是歌者及詞曲創作人的事   最後我實在太喜歡 攻殼機動隊 了 所以不忍心看到它有不好的評價 但這不代表這是部成功的電影,5,攻殼機動隊,good
106,明明很好看，卻一堆工讀生在拉低評分,5,攻殼機動隊,good
107,"抱著對原作的崇敬去看,整片除特效外一無是處,更無法理解整片為什麼就北野武講日語",1,攻殼機動隊,bad
108,失眠的可以看,1,攻殼機動隊,bad
109,這部片我一直很猶豫要不要去看，因為國外評價並不高，不過我還是很好奇此片表現到底如何？我開門見山地說吧，此片真的不是很好，但是又稱不上是個宇宙無敵大爛片，還不至於到完全看不下的地步，前四分之三我覺得還不差，雖然不少國外觀眾抱怨說節奏慢很無聊，就我個人的看法，我是還蠻enjoy在其中的，身邊觀眾也沒有提早離場或上廁所等情形，所以節奏應該算ok，但是此片最大的敗筆是在結尾，實在很突兀，安排的非常差，而且大多電影都會把最精采的動作大場面安排在後頭才是，結果最終連娛樂性都大打折，動作戲真的不太夠，這些問題我責怪導演，其實當初我很擔心這部片，主因就是這位導演，他的資歷並不深，而且之前執導的白雪公主真人版真的不怎麼樣，如今跟我的預一樣，根本是選錯導演，有趣的是片中探索不少深層的含意，靈魂及人性就是此片的重點，我是覺得還不錯啦，但是卻少了甚麼新鮮感，諷刺的是早期駭客任務的靈感就是取材於攻殼機動隊動畫，這也讓駭客任務瞬間成為最經典的科幻動作片，這幾年下來，科幻片早已多到數不清，類似題材也見多了，導致這部攻殼機動隊實在沒甚麼突出的亮眼，像是後半部的發展讓我聯想到機器戰警，消除記憶那段聯想到機械公敵，時空背景像銀翼殺手，總之就是不少科幻片的混合版，不過特效倒是很華麗，這點是真的很出眾，至於史嘉莉喬韓森，我覺得此片會賣座主要還是歸功於她，我們非常喜歡看史嘉莉喬韓森在大螢幕上大顯身手，撇開漫威漫畫不談，到目前為止她主演的動作片都不算亮眼，總覺得大材小用，可見導演安排真的很重要。,4,攻殼機動隊,good
110,30%敗在畫蛇添足的素子前身情節、配樂和結局，不如動畫版讓觀眾有無限想像空間。有些場景原味重現動畫的經典畫面，腦海立刻響起川井憲次的配樂，卻有種悵然所失的感覺，新版配樂無法營造更深層氛圍。動畫版有更多導演押井守的無對白美學場景，讓觀眾停下腳步跟著素子思考自己所為何來，只給一顆星的鄉民看動畫可能更看不懂會給零分吧@@。,4,攻殼機動隊,good
111,"一開始的城市特效我覺得不是很精緻，但是後面特效越來越精緻好看。
劇情也還不錯，雖然有人留言深度不夠，但是說真的，假如真的拍出深
度又有幾個人看得懂，大多人的深度不也是靠自己腦補出來的嗎？
特效氛圍都有拍出來，我覺得有點像露西，但是比露西好看。
還有女主氣質真的太美～雖然耍帥的場景很多，但是基本上還是以美
為最凸顯，難怪導演都喜歡找她來拍，她的神情真的很美。
基本上評價我覺得都看看就好，因為通常傑出的片子，通常都會有
兩極的影評，一半是看不懂，一半是看得懂。",5,攻殼機動隊,good
112,還能看看👍👍,1,攻殼機動隊,bad
113,請問有誰可以告訴我要怎麼當工讀生嗎 隨便打幾個字在一個沒什麼人相信的網站上就有前拿超爽的 有人提供面試地點或相關網站嗎 拜託拜託 很缺錢 想賺外快,4,攻殼機動隊,good
114,"昨晚去看了!!好看呀
怎麼評分會這麼低",5,攻殼機動隊,good
115,原著中的一些經典畫面都有重現。雖說經過改編，但劇情很合理。有酷炫的特效，也有發人省思的點，好片一部，推薦～^_^,5,攻殼機動隊,good
116,"可能是我資質不夠
劇情有些看不是很懂
但特效很棒
女主角很正",3,攻殼機動隊,soso
117,各位留一星的留言工讀們，我也想應徵，我每個電影都會留一星,1,攻殼機動隊,bad
118,"好俗喔,打卡告訴別人我看了這個都覺得丟臉,攻什麼殼阿...",1,攻殼機動隊,bad
119,個人完整觀後心得：https://www.moviemovie.com.tw/forum/hot/296/viewthread-7352-1.html (影劇圈圈),5,攻殼機動隊,good
120,還可以,4,攻殼機動隊,good
121,"看完的感覺就是空洞。
說是爽片。爽度也不夠。
要說有劇情。劇情也不夠深度。

所以。。。。就只有特效可以看了。
我去看imax 3d。特效不錯。
其他。。。都不行",2,攻殼機動隊,bad
122,"如果想看一般商業爽片並不推薦
劇情是還不錯.但就沉悶惹點
看此片要有心理準備唷",3,攻殼機動隊,soso
123,是哦，那謝謝省了錢，等錄影帶出來再看看,5,攻殼機動隊,good
124,不用說 很好看啊！,5,攻殼機動隊,good
125,非常特別的科幻片,5,攻殼機動隊,good
126,"劇情B,劇情簡單老套,但故事背景提供多思考價值 特效A,科幻感十足,打鬥略少,若只是想看熱血爽片就別去了,內容包含人性與人工智慧的差異,具有哲理,整體來說中上,給一星的87%是看不懂或是來亂的",5,攻殼機動隊,good
127,"














劇情流暢！特效完美！導演功力不俗！演員演技到位！是部可以花錢到大銀幕觀賞的娛樂佳片！每個人欣賞的角度不同，對我而言這是值得一看的好片！",5,攻殼機動隊,good
128,真的還好,1,攻殼機動隊,bad
129,"知道攻殼是個又長又深值得細看的作品，但還是有很多人沒看過以前的動畫
沒有這些背景知識進戲院看就對了，好看",5,攻殼機動隊,good
130,"最近看了五部電影美女與野獸、金剛、羅根、異星智慧、攻殼機動隊。
個人覺得攻殼機動隊最好看，內容有深度，劇情流暢，特效不錯。

唯一缺點，覺得未來的車子不應該是輪胎在跑，應該改成磁浮車了。",5,攻殼機動隊,good
131,"總歸來說，整部電影是相當不錯滴，
翻拍經典1995年版本的部分，
幫電影打了一個不錯的底子，
雖然細節的部分有一些不完美，
但是電影劇情整體架構還算是完整，
有冒險也有愛情，也交代了少校的身世，
可當作一部不錯的攻殼入門電影來觀賞。
提供觀後心得給大家參考：
https://youtu.be/JlJ_NNAgxkw",4,攻殼機動隊,good
132,"生平第一次電影演一半不到就想直接走出戲院
真的是非常的難看.........................",1,攻殼機動隊,bad
133,"好像進入動畫的虛擬世界,非常有創意",4,攻殼機動隊,good
134,好,4,攻殼機動隊,good
135,"劇情方面說模仿的，還是先去看看原作跟原作時間點再說

的確跟動作片比，是沒什麼精彩的打鬥畫面

但其實這本來就是類似探討人，靈魂為主題的電影

如果把它當成動作片來看當然覺得不好看

有幾幕是有向原作致敬的FU~~",5,攻殼機動隊,good
136,30日就已上映去看了，特效當然沒話說，但劇情可能是爲了要忠於漫畫原作所以也不能說什麼，但整體有點小悶算是沒有期待中好看。,3,攻殼機動隊,soso
137,個人覺得導演太著重故事的敘述跟完整性，然後也太過於營造未來感，所以特效都在背景中，但是主角的打鬥就輕輕的帶過，沒有爽片的感覺，真的可惜了。,3,攻殼機動隊,soso
138,沒劇情可言.....視覺影像不錯而已,1,攻殼機動隊,bad
139,"看完傻眼...
被精彩預告騙了
唉....
",1,攻殼機動隊,bad
140,雖然最後主角的身體被摧毀了，但她的意思已經複製到另一個小女孩機器人身上，這是一部探討人性的電影，真心推薦,5,攻殼機動隊,good
141,"看最後一頁的評分就知道為什麼那麼低了，擺明故意拖垮
 好看不是用說的就可以表示，去看就是了",5,攻殼機動隊,good
142,真的好看!!,5,攻殼機動隊,good
143,這部評分越來越有對岸豆瓣貓眼的樣子……同樣的影評重複複製貼上ID還異常相似,4,攻殼機動隊,good
144,"我看過攻殼機動隊漫畫版，動畫電影版2部，TV動畫版+OVA共53話。
他們之間能說是有關連，也能說是沒有關聯，畢竟個人理解想法不同。
但重要的是有一些共同點，其中的細節需要去細細品味!

而且阿，
說劇情不清楚?我看到的劇情走向很清楚交代前因後果阿。
說畫面黑暗?不會啊，我看得很清楚，還金光閃閃。
說看著會無聊睡著?我樂在其中，細細品味，不覺得無聊
說動畫好看電影爛?動畫真心神作!但電影改編也是很好看的!

電影是濃縮改編版本，但之間有原作也有新的要素，
相互比對之下，有各自的滋味!至於會不會品嘗~那就因人而異了~
就我今天去看完這部電影，我覺得: [很好看，我喜歡] 心得就這麼簡單。",5,攻殼機動隊,good
145,5分給史嘉蕾喬韓森,5,攻殼機動隊,good
146,早知道就把錢砸在隔壁的小屁孩臉上,3,攻殼機動隊,soso
147,電影30號就上映況且還有特映會,3,攻殼機動隊,soso
148,"特效真的很好~
劇情鳥鳥的~我也覺得早知道把錢拿去看別部~
我也是看昨晚的午夜場~3/29是韓國上映~3/30是香港台灣上映~3/31是美國上映",1,攻殼機動隊,bad
149,樓下的哥!!你今天去看完再來說工讀生有沒有騙你😆神片啊這部,1,攻殼機動隊,bad
150,"如果不是衝著史嘉蕾我也不會想去看
特效真的很好看 劇情不怎樣
本人也是看3/30的午夜場喔,說3/31上映的人是??",1,攻殼機動隊,bad
151,"這部片我給3顆星  勉強及格.說穿了是因為史嘉雷才會給三顆星 沒有史嘉雷應該只有1顆星吧...跟之前的片太雷同 劇情沒有很強 想要模仿創:光速戰紀 還有柯林法洛重拍的Recall,除了史嘉雷外.真的一點新鮮感都沒有..",3,攻殼機動隊,soso
152,"看到後面不知道在演什麼 看完沒有心得

還有我也是看3/30的午夜場去今日秀泰的 請不要說別人是工讀生

可以去查一下電影的時刻明明就是3/30上映",1,攻殼機動隊,bad
153,今天去看早場，真的感覺視覺效果很讚，而且題材很吸引我，雖然我沒看過原著，但現在超想去看的，另外好奇那些給一顆星的留言時間都在一過31號的凌晨，請問你們真的有看過電影嗎？那時間不是還沒上映嗎？你們去那看的?如果還沒有看過請不要沒看過就亂評論，,5,攻殼機動隊,good
154,相信我！看完你會很失望的,1,攻殼機動隊,bad
155,"和漫畫比是4顆星，當新電影是4.5顆星
差不多4.25分，但是前面給一顆星的應該都是其他片商來亂的，可能是同檔的國片
所以改給五顆平衡，",5,攻殼機動隊,good
156,享受跟動畫不一樣的感受,5,攻殼機動隊,good
157,聲光電腦動畫忠於原著.,5,攻殼機動隊,good
158,真的睡死,1,攻殼機動隊,bad
159,特效聲光精緻創意！,5,攻殼機動隊,good
160,今天才上映…最好是工讀生都看早上七點的,5,攻殼機動隊,good
161,"由於看過原著動畫所以我很清楚動畫裡許多帥氣的動作是不可能在真人電影上出現的，
除非在電影中也用特效來製作這些動作...，然後看完之後我很惋惜他們真的以特效來拍
攝這些動作，不過在劇情的鋪呈上倒是有到味，所以我給了不低的分數畢竟這部片從一
開始就不是以動作爽片為出發點，想看爽片的人真的不適合看這種劇情片，因為你是不
可能找得到所謂的「爆點」的。",4,攻殼機動隊,good
162,其實就是濃縮版攻殼機動隊，還是具有相當的可看性，特效到位劇情也不像原著這麼燒腦，算是改編相當成功，個人是蠻推薦這部電影的，尤其沒看過原作的朋友可以將這部當作新的起點，至於熟知原作的人.... 我建議放空去看，對電影也比較公平。,4,攻殼機動隊,good
163,本身沒看過原作動畫，但整體的劇情還算流暢,5,攻殼機動隊,good
164,經典場景還原度高，調性與劇情攻殼迷也許不會滿意，但同行沒看過系列作的朋友很喜歡。 感覺在奇摩給1顆的，都是其他部的工讀生...,4,攻殼機動隊,good
165,有失眠症狀的可以去試試,1,攻殼機動隊,bad
166,真的世界無敵難看,1,攻殼機動隊,bad
167,"難看死了,到底在演什麼東西?
這錢我寧可拿去二刷聲之形",1,攻殼機動隊,bad
168,補一下 大家想看的去看動畫 動畫是神級的好看 不要進電影院看一坨屎,1,攻殼機動隊,bad
169,"看完無言,無料的電影,快兩個小時,出戲院後整個沒印象剛演了什麼!大家還是把錢省下來!別進去浪費了時間,金錢,換來兩個小時的空洞與內心的後悔.",1,攻殼機動隊,bad
170,劇情好無聊，度估好幾次，槍聲超吵，看完沒心得，只覺得超級爛的劇情,1,攻殼機動隊,bad
171,其實真的蠻失望的，動作場面不精彩，格局小，對白膚淺。故事交代不清楚，挺糟糕的電影，拍差了，可惜。,1,攻殼機動隊,bad
172,我覺得不好看,1,攻殼機動隊,bad
0,個人覺得還是比不上第一級就是標準的漫威電影,4,奧創紀元,good
1,跟第一集一樣.敵人都是螻蟻.復仇者聯盟都是在拆廢鐵.我想看的是苦戰.濺血的戰鬥,1,奧創紀元,bad
2,我有看第一集.也有看鋼鐵人.雷神索爾.美國隊長.都比這一部好看多了.這部不知道在演什麼.沒什麼重點.看了好想睡,1,奧創紀元,bad
3,這集感覺內心劇太多,4,奧創紀元,good
4,想睡,1,奧創紀元,bad
5,不過奧創後面有點太弱了....,5,奧創紀元,good
6,"單挑會比大亂鬥好看，能把角色的技能發揮得淋漓盡致，
黑寡婦就是發揮這項特色成功的，
但我看到的是，復仇者聯盟大戰機器團，
黑寡婦幾秒畫面、浩克幾秒畫面、索爾幾秒畫面...然後不停輪流跳轉，
照這種拍法，隨便拍得10集都可以，
角色個人的進步、個性和絕技都需要經過腦子思考，
應該刻畫的深一點，
拿黑寡婦舉例，
如果粉絲從第一集能截出好幾段約兩分鐘的特有表現，
第二集只能截出5秒...我想其他角色也差不多，
變成所有角色都不夠突出，抓不到觀眾的歡心。",4,奧創紀元,good
7,爛,1,奧創紀元,bad
8,"I enjoyed the film, but felt the ending was a bit contrived=far-fetched.",5,奧創紀元,good
9,"很多覺得不好看的，評分給很低的人，想必沒有看完前面幾部電影吧...。

還有很重要的影集""神盾局特工""第一　二季想必也都沒看吧。

如果是這樣，我建議你們，往後的漫威電影也都不必看了...

因為對你們而言，第三階段的電影，你們只會越來越看不懂，越來越難看，越來越像只有特效的爛片。",5,奧創紀元,good
10,覺得還好 XD,4,奧創紀元,good
11,我,5,奧創紀元,good
12,請看完美國隊長2再接著看復仇2~不是只有看過1就說2是爛片好嗎?無腦也要有限度的~要完全看得懂請也把鋼鐵人+雷神索爾看完還有星際異攻隊都看一下....腦殘沒藥醫知不知道阿....,5,奧創紀元,good
13,我覺得很好看啊，我還看了兩次欸!,5,奧創紀元,good
14,"看完立馬忘記劇情
就是爽片而已
完全沒內容
不知所云的打殺到後來已冷感",2,奧創紀元,bad
15,"我今天跟男友去看了,覺得還不錯,他們團結那一刻好令人感動,期待第三集喔",4,奧創紀元,good
16,中間真是催眠阿,3,奧創紀元,soso
17,全場無冷感~!~!~!刺激!!,5,奧創紀元,good
18,建議看完美隊在來看喔！超好看~~~~~,5,奧創紀元,good
19,"劇情：凌亂沒有重點
動作：雷聲大雨點小
特效：還不錯（兩顆星給特效）
笑料：感覺都是硬湊的，一點都不好笑
整體：矯揉造作，缺少劇情核心及演出的聚合力，整體顯得空泛而做作
結論：建議等第四台上映或租DVD看就好...",2,奧創紀元,bad
20,"Dear CADY

雖然有些人不喜歡這部，
但我覺得很好看喔，
僅次於玩命關頭7，
當然，歌喉讚很棒啦",5,奧創紀元,good
21,普通 看完忘了演了啥,3,奧創紀元,soso
22,"很好看又有新的角色,劇情特效我都很喜歡,這種電影就是要在大螢幕看才過癮^^",5,奧創紀元,good
23,"【復仇者聯盟2：奧創紀元】-雷聲大雨點小的混亂戰爭

爽度再度飆到制高點、卡路里指數爆表的爆米花娛樂爽片，本質上不算太糟糕，但缺點也很多，而評價也十分的兩極化。

繼上一次在紐約的奇塔瑞大戰之後，諸位英雄再次組成地表最強團隊「復仇者聯盟」，四處打擊九頭蛇的殘兵餘黨，並在擊破位處東歐的史特拉克男爵的基地之後，取得了其基地所研發的人工智慧科技，也讓東尼史塔克得以在看見恐懼之後啟動了奧創計畫，使其能夠與地球之外的威脅抗衡。但奧創計畫本身就是個自大狂妄之下的漏洞，就像史蒂芬羅傑斯所說的：「每次只要有人想要在戰爭之前先贏，就會犧牲生命」

相較於第一集圍繞在邪神洛基使壞的劇情，這次的故事顯得混亂無比。像是一開始的史特拉克男爵、賣汎合金的黑市商人、協助奧創進行再生搖籃的趙博士等，沒人看過漫畫還真不知道他們是誰，許多存在感低的角色和亞洲工具人充斥著電影，但在先前的作品中從來沒出現過，缺乏介紹，觀眾也就難以產生共鳴。
還有一些為了推進劇情而令人費解的橋段也令人無法產生認同， 像是索爾泡溫泉的那一段，其「視界之水」在漫畫裡固然很有名，但很容易讓沒看過漫畫或是對漫畫故事不熟的觀眾接不上線，產生無感。

電影的劇情與故事我覺得差強人意，遠不如第一集的單方面核心(洛基與權杖)，而這一集感覺想要講的東西太多，像是角色的黑暗面、鋼鐵人與美國隊長的道德歧異、為何啟動奧創計畫、奧創為和平帶來毀滅的理念等，因礙於篇幅而都是點到為止。沒有讓觀眾感到震撼，反而多了幾個驚愕的表情。
而許多畫面也讓人感覺這部作品只是拿來鋪梗，像是索爾的幻覺暗示了諸神黃昏；擁有汎合金的南非走私軍火商暗示了未來要出現的黑豹；整片裡稍微提到的無限寶石以及片尾的瘋狂泰坦薩諾斯與無限手套，皆證明了這部片跟雷神索爾2：黑暗世界一樣也是拿來鋪下一部作品梗的過場電影。

在這部復仇者聯盟的續集裡已經開始暗示了史蒂夫羅傑斯與東尼史塔克的觀念對立，一個是軍事體制下的正義；另一個則是自大狂妄中的和平。而東尼所謂的和平，只不過是他自以為是的理念，而在他帶給許多戰爭的難民陰影之後，再度犯下前錯，強行實現他自大的計畫，並差點成了毀滅世界的罪人。
在鷹眼家中劈柴的片段也讓人感受到他們兩人價值觀的不同，東尼認為先下手為強；而史蒂夫則批判了那些妄想先贏而犧牲性命的破壞者。

而因為版權問題而一直處於尷尬邊緣的異人族雙胞胎-快銀",4,奧創紀元,good
24,奧創根本就不強，毫無緊張與對峙感，真的只是為了打而打而已，marvel端出這種作品還真是敷衍與辜負觀眾。,2,奧創紀元,bad
25,美國隊長超帥  緋紅女巫天殺的好辣啊啊！ 槌子那段索爾的表情還蠻好笑的～沒那麼難看啦！,5,奧創紀元,good
26,真的很難看  看到睡著,1,奧創紀元,bad
27,"老婆看到想睡~我捏了她的手跟她說電影票要200多元~別睡
我覺得還蠻不錯看~但是奧創到後面沒想像中的強
電影應該是要表達團結合作的重要性
鋼鐵人的新盔甲mk45出來的場面不太精采
直接穿出來讓人感覺不到後段要面對奧創的急迫跟對新盔甲的需求
而且新盔甲也沒有較突出的新功能",5,奧創紀元,good
28,中規中矩，沒啥突破。,3,奧創紀元,soso
29,希望很好看,3,奧創紀元,soso
30,明明就超好看不輸第一集，不知道為何只有4.3，可能大家期望太高了吧...........,5,奧創紀元,good
31,還不錯呀 沒有大家說的那麼爛,5,奧創紀元,good
32,去電影院看這部~我做了一個夢~~哀,5,奧創紀元,good
33,"雖然剛瞄了一下網友短評，都沒很好。
可是我覺得很好看耶!
打鬥畫面、角色表現…等，
都很讚啊!!
而且劇情都好出乎我意料，
超好看的!!",5,奧創紀元,good
34,"結果最後一套盔甲
特效做得有夠差，MK43的部分也出現的不是很多!!失望!!!!!!!!!!!
整部片根本在演""美女與野獸"".......................",1,奧創紀元,bad
35,"實在是看沒有在演什麼???中間一度要睡著!!

覺得有點浪費錢!!",1,奧創紀元,bad
36,沒內容,1,奧創紀元,bad
37,"這本來就是商業片~
劇情因為人物太多，總是會必須有所犧牲，
但是整個電影的製作都還是很不錯的！
太多人有跟第一集比較的包袱，沒辦法！",5,奧創紀元,good
38,"這是今年繼Jupiter Ascending之後 令我最失望的電影 如果能在預告就能知道好玩跟結局的話 那我特地去電影院看真不知道該說什麼??

特效?Jupiter Ascending特效夠驚人了吧 但劇情空洞到不倫不類 沒有說服力
復仇者也要成這樣? 只剩下特效跟華麗的卡司(爽片)? 台灣人的智慧還真是高呢!!

對我來說這部電影不會是一顆星 但以爛番茄的標準 我一定給不新鮮

大多數這些元素是非常有趣 而且還有故事可講  那麼為什麼不這樣做? 
在許多方面 奇蹟已經發生了(第一集) 而只是在強調並複述同一故事 只有特效做大？那就是一個倒退。",2,奧創紀元,bad
39,"不管別人怎麼說,我覺得就是好看~大推...",5,奧創紀元,good
40,"雖然是爽片，但是我看的卻不爽，因為整個劇情從簡介和預告就已經知道結局，特效也沒啥特別，壯觀但是不華麗，開頭是在幹嘛，拍出整個TEAM只為了搶權杖而已，那鋼鐵人就行了，不知道派其他人清雜魚有何意義，一點看頭也沒有，不然一隻浩克就KO全部了!!
第二級感覺是為了雷神三和黑寡婦傳奇鋪梗，才有緋紅女巫對其要角們心靈攻擊，但是也好像對劇情沒啥影響，而且為何快銀會死，他的速度不是比子彈還快嗎?本集也弱化了浩克和索爾的能力，應該是說發揮之處變少了，片尾一對雜魚囉囉對上聯盟，是要以量取勝嗎?打得真不過癮啊~~總之，這部電影沒有爆點沒有期待感，美國隊長2還比較好看，第三集沒有鷹眼了吧!!",1,奧創紀元,bad
41,不會覺得不好看.不過甚麼元素都要來一點..看完會覺得.....地板飛起來好屌.打鬥很漂亮.內心戲是啥看不懂.主角們努力甚麼我投入不了....這是一部電影.觀眾沒義務預習..看完之前主角群的系列作後...還真的看不懂奧創...希望下集能更精采,3,奧創紀元,soso
42,"要說劇情跟變形金剛比根本贏太多了
至少我看到很多講到過去及未來的細節
裡面講的人事物幾乎跟整個系列都有關聯
如果沒有看過全部系列根本會搞不懂
我相信大概有一半的人也不知道開場搶奪的權丈是甚麼東西
為什麼要去搶也不知道
索爾看到的寶石是甚麼也不知道
最好笑的就是更多人不知道片尾出現的是誰...
一堆人自以為只看過鋼鐵人就能秒懂復仇者聯盟...
然後看不懂怪劇情爛...",5,奧創紀元,good
43,沒有看過第一集，只能說這部就只是爽片，想看劇情的就不用去了,3,奧創紀元,soso
44,索爾的鎚子真的好好笑!,4,奧創紀元,good
45,俗語說的好：別不會生還牽拖鄰居！看的懂的就覺得好看 看不懂的就只好怪東怪西 怪老北怪阿母！\(￣ 個人覺得第二集不管打鬥畫面 特效 內心戲或對故事劇情的交代都做的不錯！例如奧創是誰創造的 隊長的盾牌是什麼金屬製造的 在哪生產的跟英雄之間的愛恨 猜疑 分裂到最後的團結跟嚮往安定生活等等！不能在破劇了 (⊙＿⊙)反正就是期待第三集！,5,奧創紀元,good
46,特效 人物 笑點 爽片無誤 http://vions.net/?fromuid=446266,5,奧創紀元,good
47,比第一集好看，內容有些蠻好笑的,5,奧創紀元,good
48,"這集比預期好太多,對於那些說沒劇情的人都不知該說什麼了,爽片當啥看?",4,奧創紀元,good
49,"本拍給男生、漫畫迷看的
爛~",1,奧創紀元,bad
50,不錯,4,奧創紀元,good
51,很值得去電影院看的一部片!!!,5,奧創紀元,good
52,"劇情很重 打鬥少一半 你看的會很爽??
拜託這系列的片 本來就是把動作特效放第一
這次英雄角色多很多 雖然雜 但打鬥場面依然浩大
如果你把這片當深度劇情看 那你就是來亂的
英雄片本來就是把打打殺殺當主題了
劇情平凡很正常 空洞是吧 除非他不是英雄片
不然劇情永遠佔不上邊!!就這樣 不喜歡看打鬥爽片
偏好""深度劇情""那請不要看 再點近來留負評",5,奧創紀元,good
53,"和鋼鐵人3一樣,演到最後亂演一通,漫威電影越來越讓人失望,內容空洞無厘頭,只是在秀特效而已,真的不知在演什麼,不值一看。",2,奧創紀元,bad
54,"今年最好看的爽片
動作 效果 笑點 滿分",5,奧創紀元,good
55,"開頭沒有交待清楚
角色能力設定有點怪
新角色跑得快...設定上應該就是跑得很快的人
但沒任何裝備後期徒手打爆機器人...手都不會痛喔
連美國隊長都得用盾才砍得爆說
新角色心靈控制根本無敵...
綠巨人開始會聽話
簡單來說
劇情不ok...人物設定有點亂...翻譯有點怪
大致上就是看特效吧",1,奧創紀元,bad
56,"雖然第一集比較有新鮮感,不過顯得更有默契了,還一堆合體招式,可能是像變形金剛一樣看多會麻痺吧,大戰的規模也沒有第一集壯烈,不過看看新角色也是不錯,ps旁邊的女朋友睡死了",4,奧創紀元,good
57,畫面讚特效讚。論劇情我覺得還是沒有很緊湊，且有點超展開...沒啥邏輯，我有一堆疑問那些人怎跑出來的...可能是沒看過第一集吧。爽片的特色，結局沒有感覺結束，沒意外會有續集。個人見解囉～拿來消遣的好片。,3,奧創紀元,soso
58,"奧創不夠胎哥拉
還是第一集最好笑",4,奧創紀元,good
59,復仇者聯盟本來就是打打殺殺的片 不是走劇情的,5,奧創紀元,good
60,"大場面爽片進電影院看很刺激～
中間穿插很多笑點 
不過鋼鐵人進化版莫名有點像杯麵ㄟ＝ ＝a",4,奧創紀元,good
61,"個人認為這明明就還不錯看...
我是看ATMOS的版本，從頭到尾炸來炸去椅子震動得很爽，光這樣錢付得也值了。
那隻""神""出來時的詭譎氣氛也很到位，因為不知道這傢伙是好是壞~
翻譯問題其實還好，也就那幾個點有問題而已，幾個點翻不好也不至於真的看不懂劇情
不過我認為笑話反應要很快的人才能跟上節奏，因為美式連珠炮笑話一堆，聽懂第1個笑話要笑時，人家已經講到第3個笑話了...",5,奧創紀元,good
62,"爽片
毫無深度
最後浩客一下就把奧創打下飛機，那前面到底是在幹麻啊?",3,奧創紀元,soso
63,"有些設定還蠻喜歡的，很創新，也很尊重漫畫裡多元的設定與走向
只是一下塞太多東西，後段顯得比較雜亂一點
但整體來說還不錯",5,奧創紀元,good
64,索爾的槌子很有笑點!,5,奧創紀元,good
65,敵人太弱 不精采阿,3,奧創紀元,soso
66,就是難看，沒有打鬥的時候都覺得很無聊，可能翻譯有點問題，有些地方一頭霧水,3,奧創紀元,soso
67,"""老梗的結局！好無聊的片子、一直打來打去⋯⋯根本沒賣點！ 浪費錢！不要花錢進電影院看！看到想睡覺""

奇怪 片名:""復仇者聯盟:奧創紀元"" 哪個字會讓你以為是愛情喜劇?不打來打去,不然上來上去嗎?",5,奧創紀元,good
68,韓國美女博士點出女性觀眾進電影院看這部的梗,5,奧創紀元,good
69,其實滿好看的阿~但還滿多梗需要看過系列才會懂~~如果單純來看爽片的還真的是會很無聊~我想那些拿玩命七來比的就是!!,5,奧創紀元,good
70,"商業特效片的模範阿，很精彩！
(小提醒:要吃素記得不要去肯得基知道嗎？)",5,奧創紀元,good
71,如提,2,奧創紀元,bad
72,"劇情：普普
演技：尚可
特效：算好",2,奧創紀元,bad
73,仍是爽片一部，看這麼多英雄人物原班人馬集結在一起就很滿足了，劇情也不錯呀，我喜歡！期待續集！,5,奧創紀元,good
74,第一天就排隊去看，但只看到大明星演些特技片，內容真空洞，沒特技時真想睡覺。,2,奧創紀元,bad
75,"奧創如果能加上Loki就完美了,可惜",3,奧創紀元,soso
76,"光看他們合體就很爽了
劇情特效都不錯阿
高科技就是這樣阿 不然你們要期待什麼",5,奧創紀元,good
77,只有特效可以看，劇情單薄,3,奧創紀元,soso
78,"個人覺得還不錯！
打鬥畫面很多！
看得很爽！",5,奧創紀元,good
79,我覺得這集比第一集充實多了，可能是第一集前面找大家來的時候鋪陳花了點時間吧,4,奧創紀元,good
80,沒有比第一集還好,1,奧創紀元,bad
81,打鬥還是一樣的爽 劇情不要太在意 整體來說還是第一集好看,3,奧創紀元,soso
82,空洞,1,奧創紀元,bad
83,"愛看爽片的...必看 , 愛看得奬片的人...勿看
本人從片頭爽到片尾~",5,奧創紀元,good
84,沒有第一集新鮮了，感覺有點無聊有點刺激。我打了5個呵欠，有人比我誇張，打呼聲超大的,4,奧創紀元,good
85,"看網友的評價，以為很難看，
但還是非常好看，推唷!!",5,奧創紀元,good
86,"老梗的結局！好無聊的片子、一直打來打去⋯⋯根本沒賣點！
浪費錢！不要花錢進電影院看！看到想睡覺",1,奧創紀元,bad
87,"復仇者2沒想像中好看~~~
建議這部片不用跑電影院了，浪費錢跟時間....",2,奧創紀元,bad
88,爽片顧名思義就是看的時候很爽,5,奧創紀元,good
89,Marvel應該是翻成漫威吧! 諾蘭的黑暗騎士三部曲是屬於DC影業的~其實我覺得這一部拍給你看剛剛好^^,3,奧創紀元,soso
90,威漫翻拍電影裡 唯有蝙蝠俠系列和金鋼狼系列最好看 尤其是蝙蝠俠2黑暗騎士   鋼鐵人跟復仇者本身就是設定給小朋友看的 此片並未有什麼大作之格局,2,奧創紀元,bad
91,"美國隊長跟鋼鐵人並沒有對立,也沒有說的美國隊長3將會是跟鋼鐵人對立的劇情出現,而且復仇者聯盟3鋼鐵人也不會出現了換成羅德上將替換上場,劇情也很緊湊對白有些也好笑.只是復仇者3將不會有鋼鐵人,浩克,索爾,鷹眼加入了.都換新成員加入了,只剩美國隊長跟黑寡婦還在而已有些失望",5,奧創紀元,good
92,好看啊~,5,奧創紀元,good
93,"比爽片程度小輸玩命7，但就漫威迷的角度還是值得一看
沒有一個漫威系列不是中上之作，都必須看的!!!",4,奧創紀元,good
94,復仇者1因為聯盟剛形成，所以比較有新鮮感。但是整體刺激感和故事性，我覺得復仇者2都沒有比1差，而且也道出了各個角色的黑暗面，這是前幾部Marvel系列看不見的，讓人更期待後續的美國隊長3和雷神索爾3，以及復仇者3,5,奧創紀元,good
95,相較之下覺得比第一集好看很多~整部片無冷場，只是有鑑於時間限制，所以有些部分沒法交代得很清楚就是了...,5,奧創紀元,good
96,抱著看爛片的心理準備去浪費錢，但觀後覺得還不錯看啊，雖然比不上第一集，也沒有五顆星的水準，但是還是相當有娛樂性的；玩命關頭系列我向來不喜歡，不過是一系列窮極誇張的動作片(應列為科幻片)，好看在哪我不了，不過都比史上大爛片變形金剛4好太多,4,奧創紀元,good
97,"跟上集比起來笑點沒那麼多 有點可惜XDD
打鬥戲很多! 挺爽的!
但就是一直飛來飛去 加上我看3D又坐邊邊 挺暈人的

看了很多人的評論
好像大部分都認為復仇者們被緋紅女巫精神干擾的片段交代不清不楚的
我是沒想那麼多 就想做他們也是人所以也是有恐懼的事物 也會是人夫人父TAT
thor要去泡溫泉我可以理解 但是他到底看到什麼促使幻視的誕生 我就有點被搞迷糊了
一邊爭執 一邊打來打去 速度太快了 也許要再進一次電影院研究下吧!",5,奧創紀元,good
98,當然是爽片一部..只是太多地方交代的不清楚..希望有DVD加長版,4,奧創紀元,good
99,這集隊友們之間的對話互動更多~而緋紅女巫的登場~在她的技能之下~也反映出更多他(她)們心中所需求(如愛與親情.)及懼怕的事物~~有一小點差的是有些交代太少~就好像哪裡都有少一點==,4,奧創紀元,good
100,前面的鋪陳太長，說爽片也還好而已，感覺像在看鋼鐵人4，一度看到想睡著，還沒看的建議可等等DVD就好。,2,奧創紀元,bad
101,個人就是超級愛,5,奧創紀元,good
102,還可以,4,奧創紀元,good
103,"比第一集好看
覺得值回票價",5,奧創紀元,good
104,"不錯看阿~
但是很多人看得覺得一頭霧水，或是覺得很突兀．．．
根本是翻譯太差！
很多該解釋的都沒講清楚．．．
例如，很多人不懂幹嘛索爾跑去泡溫泉～
還有不是很懂被創造出來的幻視（賈維斯）的心態．．．
還有很多耍嘴皮子，頗有趣的也被翻譯的不是很好笑",5,奧創紀元,good
105,"這次的感情元素更加豐富，有內心恐懼與理念衝突

以及中間穿插的男女、兄妹與親人之情~

個人比較喜歡第二集!!!",5,奧創紀元,good
106,以普通電影的標準來說絕對是超好的商業片,5,奧創紀元,good
107,"這一集也不差 但塞太多成份在裡面 有愛情 親情 雜七雜八的 流暢度也打折扣
因為如果有看過漫畫的人 會覺得電影拍得很好 很多細節也塞在裡面
但沒看過了就覺得無聊了 尤其是索爾去泡心靈之泉........
打鬥方面還是滿有看頭的
另外後製3D就不用還要戴厚重眼鏡花大錢去看了
效果比變型金剛4還差",5,奧創紀元,good
108,整理流暢感足夠，不會比第一集差,5,奧創紀元,good
109,雖沒看過第一集。紓壓看，有笑點，非常好看。,5,奧創紀元,good
110,我竟然睡著了!! 不會再看此系列電影,2,奧創紀元,bad
111,"跟第一集走勢還滿像的

看完戲院當下   ""......""

就特效看爽爽吧",2,奧創紀元,bad
112,"一堆人拿玩命7比是怎麼回事? 兩部根本是不同的ok?
請搞清楚謝謝 
而且我講直接一點 如果說 那個明星沒死 我看玩命7票房也不會有多高 ok?",5,奧創紀元,good
113,看了爽就好~,5,奧創紀元,good
114,"其實..
還不錯呀..
也沒冷場..
這種片不就是這樣..
電影不需要拿來和哪部片比..
每部影片都有它要表達的東西..
這部片要說內涵..沒...
但要說內容...有... 就是要保護這個地球嘛....
很多人拿它來跟玩命7比..
可是..
明明就是完全不同類型的兩部影片..
這要從何比起...
所以..
看電影就是純享受..
無論何種類型的片都會有它想要敘述的東西哩...",5,奧創紀元,good
115,比第1集好看多了，從一開始就沒冷場，也有很多的笑點，英雄們更是讓人讚嘆不已。比起第1集的外星人攻擊紐約事件，這集反派侵略的原因較有邏輯性，除此之外，很多的情節、人事物都是有一定的鋪陳，像是無限寶石就是在為續集作一個暗示...等等。這集的卡司更強大，也是一個吸引人的關鍵。有些人覺得不好看，並不是真的不好看，畢竟它是部續集：MARVEL、復仇者的續集，對於MARVEL要先有所了解才會比較知道劇情在做什麼。這集的角色戲份都還蠻平均的，各有各的特色，尤其雙胞胎讓人印象深刻，而浩克與黑寡婦的關係也蠻不可思議的。真的很棒！喜歡的人一定要看一看喔~,5,奧創紀元,good
116,嚇傻我了...隊長說髒話了!!!,4,奧創紀元,good
117,"如題,不只是超級英雄而已！！",5,奧創紀元,good
118,終於知道為何台灣搶先上映~~(((白老鼠)))~?????,1,奧創紀元,bad
119,沒第一集好看,4,奧創紀元,good
120,鷹眼終於安全下裝，不像快銀才一集沒多就領便當了，恭喜恭喜。,5,奧創紀元,good
121,"比起第一集，我更喜歡這個！

不過節奏很快，有些翻譯的地方沒有很到味
友人說有些地方看不太懂
我也沒看過漫畫，但我覺得這樣詮釋承先啟後
會讓人更期待第三集到來！

不懂為什麼很多人都說爛？
如果想要刺激、興奮、緊張感，看驚悚懸疑的不是更好？",4,奧創紀元,good
122,"劇情鋪陳薄弱，很多片段串聯不起來，太多東西要演以至於看得很亂。
重頭戲的打鬥片段也只能算中規中矩而已，沒特別吸睛。",2,奧創紀元,bad
123,"看完整個頭暈........不是3D還是中間位置,最後一堆機器人飛來飛去!說劇情沒劇情除了特效跟大咖電影明星加持外剩下是0
喜歡英雄的影迷真的可以考慮等下檔租回家慢慢看不然真的不懂在演什麼鬼!跟玩7完全沒得比",1,奧創紀元,bad
124,第一次看2D的 好想再刷一次3D的~女巫跟黑寡婦都好正~~~,5,奧創紀元,good
125,"這麼多主角的故事可以演而不演 竟然演到鷹眼的老婆去了
我買票是要看超級英雄們的動作科幻場面的 誰對他鷹眼的家庭關係有興趣呀??  OMG啊!!!!!!!!!!",1,奧創紀元,bad
126,"這部電影看完真的會有些意見
劇情和心中所想的方向有差
細膩度也不太夠
只能呈現亮點
亮點之外的部分只好帶過
大概和預算、檔期之類的因素有關
不得不說看完會覺得交代的草率了點
但每位英雄都帥到爆錶啊
觀賞爽度絕對超過五顆星
所以扣掉草率程度之後
整體還是給五顆星的啦
期待後續的發展",5,奧創紀元,good
127,看得了解的就是好看，愛酸愛挑毛病的怎麼樣都無法滿足的~好好甩開成見~享受各路英雄威風不適很好嘛~!這種電影就是要去大螢幕看正版翻譯~才不會劇情陰錯陽差，畫質也非常差!,5,奧創紀元,good
128,期望越大，失望也越大，不過看這種片講求劇情幹嘛呢？,4,奧創紀元,good
129,"拿掉  特效  還剩甚麼??   


整體不流暢         

比復仇1難看 很多         如果你是看一堆大咖  一轟就把  小兵轟報    這樣較好看的話我也沒話說...

反派也弱到爆    根本一個英雄就可以搞定的等級  沒必要復仇者全部上場  

還有 我根本 不在意 他再舖甚麼陳 好嗎??  重點是 電影好不好看吧!?   鋪在多陳 就只為了 帶出之後的電影  

根本沒必要    ""黑暗騎士系列   鋼鐵英雄  美國隊長2  鋼鐵人3  復仇1 ""  這幾部 都比復仇2好看太多  

總評: 及格邊緣的電影    給特效   

整體不流暢   劇情也有些不合理的地方   

說爽片  說實在也不會讓我有 復仇1  很爽的感覺  

結論:我到底看了三小!?",1,奧創紀元,bad
130,對於爽片~我看是就是爽啦~,5,奧創紀元,good
131,"相比第一集的爽度，真的差很多啊！

不到難看，但稱不上多好看...

越期待的人就會越失望...",3,奧創紀元,soso
132,真的爛,1,奧創紀元,bad
133,後面的幻視人造人就是鋼鐵人1~3集一直都出現的電腦管家賈維斯~老賈!,5,奧創紀元,good
134,"有人喜歡就會有人不喜歡,我覺得如果有再follow MARVEL的話,就該知道這集本身就是在鋪陳第三集的意思,特效跟劇情其實沒有很差,甚至有些人拿玩命7來相比...拜託,兩部戲的定位並不一樣好嘛!!!",5,奧創紀元,good
135,玩命7完全沒冷場 這個.......嗯....小失望,3,奧創紀元,soso
136,"戰鬥場面佳 緋紅女巫正
笑點也有 整部來講不錯",4,奧創紀元,good
137,"這麼多主角湊在一起, 的確不容易, 我覺得算安排的流暢了 ,只是如果 一些細節再解釋清楚一點,主軸的鋪陳再鮮明一點 ,相信會比較少負評 ,以年度大片來說 我覺得很多笑點還滿令人會心一笑的, 如果看過前幾集會比較有感覺 ,還是很帥氣呢 :)",5,奧創紀元,good
138,"一直重複著老梗的美式幽默,老實說有點膩了,拿不拿得起雷神槌子很重要嗎?爭什麼啊....

 under armour 的置入性行銷

硬是要塞的浩克和黑寡婦 愛戀劇情........吼~~~~~~~~~~~~~~~~~~


小孩子看得很爽 我看得很....",2,奧創紀元,bad
139,蠻值得一看,4,奧創紀元,good
140,明明好看呀,5,奧創紀元,good
141,還算不錯，希望票房可以創這系列的新高⋯,5,奧創紀元,good
142,"爛評在搞什麼？
明明很好看！！！！！",5,奧創紀元,good
143,"覺得沒有必要演第二集
前面想睡後面....唉",1,奧創紀元,bad
144,第一集新鮮感十足，熱血感也可以撐個3天，直到3個月後回想起來才會覺得自己到底看了什麼。而《復仇者聯盟2：奧創紀元》除了開場的30秒長鏡頭讓人回想起第一集的經典場面，之後就陷入了一片死寂，一開始的暖身撐不住後面的冷場，就這樣坐立難安過了將近3小時。欸冷觀後感 http://goo.gl/evRqS2,2,奧創紀元,bad
145,還好囉！前面想睡覺，想說在給你一次機會，到後面也是無聊普普通通😵難得會讓我想睡覺的片，，，哈哈哈,2,奧創紀元,bad
146,"這電影就是要感受這戰鬥的氛圍
劇情基本按著風格走
最重要的
3D iMAX
是你親身參與戰鬥，那火炮、箭、爆破震撼不言可喻
超爽!!",5,奧創紀元,good
147,劇情內容相當豐富~!!讚,5,奧創紀元,good
148,跟八個朋友去看大家也都很喜歡，我也不知道為什麼奇摩評價這麼差。然後我愛上女巫了wwww 是有點打的還不夠過癮的感覺~,5,奧創紀元,good
149,"這本來就是不談論深度的電影
如果想好好放鬆
享受視覺 和好萊塢式幽默~~~~
整個大推阿~~~
期待下一集~~~~~",5,奧創紀元,good
150,"這次不僅是爽片，人性的刻畫、未來發展的議題都帶出來
開頭別開生面、結尾反派的破壞方式意想不到
根據漫畫再改編的劇本寫得很好
當然，特效的細緻度又更上層樓
很喜歡這集，期待2018~2019年的最終回！",5,奧創紀元,good
151,以前看電影，對於每個細節都能記得很清楚，但這次的復2，居然讓我回想不起來，只能說劇情太空洞，編劇抓不到主軸，吸引不了目光，中間還一度差點睡著，真的無法給高分，可惜阿!,3,奧創紀元,soso
152,"看你的期待是什麼囉～
期待劇情....我給兩粒...星....的確空虛了ㄧ些
特效...當然給五粒啊...爽片欸
身為iron man 粉 ....不管幾顆星我都會去看啦...
去電影院放鬆....",3,奧創紀元,soso
153,果然復仇者只想演3集...在第一集尾巴先透露最強大魔王的裝備和半臉，但第二集卻出要拍第二強大魔王，也好 如果第二集最強大魔王一出 第三集要拍什麼...果真沒錯 第二集尾巴完完全全出來整隻已經設定好角色的最強大魔王...我看到有人提到內戰...那是美國隊長3的劇情哦...已經準備開拍 美國隊長3 內戰 只是我接受不了 為什和快銀....小消息透露 復仇3中 蜘蛛人將回歸威曼...年紀設定在高中 當然不是那個演兩集就不演的人演...將會是新的演員去詮釋,5,奧創紀元,good
154,我覺得很棒       看到自己喜歡的電影評價這麼差       真令人難過        好看難看都是個人的感覺       沒有對錯可言      只希望之後它的評價能夠上昇一些    多一些知音來支持這部片,5,奧創紀元,good
155,"其實我不太知道好看跟難看的界線到底在哪裡,好與不好是非常主觀的，不過我個人看電影這麼多年,我是認為我看了覺得開心,那這就是一部好電影",5,奧創紀元,good
156,花這麼多錢有辦法拍出這麼爛 真是不簡單 期待走進戲院 搖頭走出戲院,1,奧創紀元,bad
157,"一群英雄在一起拍片，還真是強到不知能怎麼拍了…
相較之下反而各自的故事都表現恰到好處。
不過進電影院本來就是要看聲光效果都好的片
相較之下，變形金剛拍到已經不知道在幹嘛了…
而劇情片租回家看就好了，這種片還是要進影院才爽啊
畢竟玩命關頭7這種神作並不是常有的。
也總不能每次都進戲院看玩命7吧。",5,奧創紀元,good
158,"第一集還蠻喜歡  抱持著期待的心情 但ＷＴＨ！  劇情實在很跳tune 讓人不太懂, 無聊的綠巨人跟黑寡婦在那拖時間, 超扯的6打1000壞蛋 瞬間秒勝, 有夠機掰的置入性行銷 讓妳不吐血都不行, 你也步之到他們在打架還事在搞笑？
值得去看的地方： 偷尼史塔克的墨鏡很帥 還有女角頗正
結論：還好我拿公司的電影票兌換卷 沒花到錢, 但還是操 花我幾個小時",1,奧創紀元,bad
159,"剛剛看完 大推
劇情很龐大 有些地方沒搞懂 還會想去看第二次 
從頭到尾很精采沒有冷場勝過第一集",5,奧創紀元,good
160,好看,5,奧創紀元,good
161,"個人是覺得,第二級的場面特效比第一集還讚呢！演員們的演技更是精彩~
超喜歡新角色雙胞胎的，快銀超帥！紅女巫超正！真的。後面突然悲劇 太錯愕！想大喊：導演~不是吧~不是這樣吧~
在這裡就不爆雷了！推薦喜歡刺激英雄電影的大家，一定要去電影院看這部！(好希望續集可以有快銀啊)",5,奧創紀元,good
162,"就是部爽片
建議去看4D
劇情太容易猜到 就是打敗壞人 拯救世界的老梗橋段
看4D比較精彩 不然可能會睡著⋯",3,奧創紀元,soso
163,"我花錢不知道是去看電影還是去看漫畫?
跟第一集比起來，遜色不少．
嚴格來說，只算是還不錯的電影．
雖然最主要的目的，是要連接第三集（或是跟銀河守護隊連接）
但也無須讓劇情如此空洞．
假如真的要照漫畫劇情，奧創不是蟻人做出來的嗎？
奧創變成要殺盡人類的理由不是更複雜嗎（因為蟻人對人類的失望）？
不過，身為美漫愛好者，之後漫威的電影還是會乖乖掏錢．
只不過這集我覺得並不是太好看．",4,奧創紀元,good
164,"1.有人說IMDB的評分8.7分高於玩命關頭 7 的 7.9分.但復2 目前只有21,575人評分 ,顯然主要是拼開演死忠的粉絲為主, 
   玩7有115,711人評分 ,雙方立足點已經不一樣.
2.如果說不看漫畫就會看不懂 ,那豈不是專拍給漫畫迷看而已?  那請在廣告寫明""本片請先看漫畫 ,否則覺得難看概不負責"".
   = 魔戒跟哈利波特都不敢要觀眾先去看原著吧!
3.Marvel再這樣子只重特效不重劇情 ,很快會把江山讓給DC了.",2,奧創紀元,bad
165,樓下說的真好,5,奧創紀元,good
166,"其實復仇者的英雄們幾乎每個角色我都喜歡，不管是狂妄自大又極度聰明的鋼鐵人，俱有神力又不失風趣的索爾，甚至是一句粗話都不會講的美國隊長，大家都俱有不同的特色，如今又聚在一起拍""復仇者聯盟2""，說實在只要劇情不要編的太差，我想觀眾一定會買單(這種現像就跟蘋果只要出新的產品，果粉不管怎樣都一定是先捧場再說)，會這樣比喻，不是說這次的""復仇者聯盟2""不好，只是這次的劇本因為大量連接了漫威漫畫所設定的劇情，變成有點跳tone，再加上場景一定有大幅修剪，因為導演之前也有說原本部片長原想拍3小時以上，但怕一些戲迷會覺的太久，所以只好再修剪成最終的2小半，但也因為這樣劇情整個走向非常快，快到連部份打鬥畫面的一些期待感、緊張感都少了不少，雖然動畫效果還是很強，但總感覺有點快變成「變形金剛4」了(相信有看過變形金剛4的戲迷，應該知道除了置入式行銷，更大的問題是裡面有太多無法刺激到的動作場景)，不過好險~復仇者們之間的嘴炮娛樂效果還是超讚的，相信他們現實生活中應對也差不多是那樣，所以才可以演的如此生動~哈。
完整影評：http://frank52011.pixnet.net/blog/post/60605536
謝謝指教",5,奧創紀元,good
167,比第一集難看 覺得失望,1,奧創紀元,bad
168,這部在imdb裡有8.7分的好評，遠超玩命7的7.9分。那些給一星的眼光真獨到。,5,奧創紀元,good
169,"看過第一集很不錯,
誰知這集看前半小時本來就要走出戲院,再給機會又看了半小時,
半小時好像在看變形金鋼,就出戲院了,後半不知如何?早知去看玩命7。",1,奧創紀元,bad
170,整體精彩，但是BOSS對抗處無亮點,4,奧創紀元,good
171,飛行航艦也來玩了,3,奧創紀元,soso
172,今年~到目前為止最強的片~絕對還是~~玩命關頭七,1,奧創紀元,bad
173,"畫面華麗,但看完覺得蠻空洞的.",1,奧創紀元,bad
174,整個故事內容很爛 讓人沒有想知道後續發展 很多東西交代不清 還可以演這麼久 很讓我佩服 白白浪費了這麼好的一堆腳色 千萬不要再用這個編劇了,1,奧創紀元,bad
175,真的不錯看！光鋼鐵人對浩克那段就很爽了！不覺得比第一集難看耶，看的很過癮！還笑了好幾次,5,奧創紀元,good
176,"唯一好看的我看只有浩克對鋼鐵人那段了~其他劇情根本不知道他們在瞎忙什麼~好像很緊急~也不知道到底在幹嘛~

後來製造出的那個人是??  也含糊帶過~~總之看完霧水更多了...",1,奧創紀元,bad
177,"當初抱著覺得只是噱頭的心態去看爽片，想必這麼多明星聚集起來，內容不會好到哪去，沒想到第一集出乎意料的好看~~~，但是第二級只能說打回原形，爽度是有啦~~但是比起第一集來講，就少了點內容~~~   

壞人  好人的設定沒新耿~~ 沒有令人振奮人心的感覺~",4,奧創紀元,good
178,爽片就如此好看呀~,5,奧創紀元,good
179,"動作場面精彩
只是覺得進展有些太快",4,奧創紀元,good
180,"刻意安排每位成員的戲份，反而搞的沒有連貫性的完整，僅用爽片特效可以欣賞。
片中的 奧創 並沒有強大到需要動用「復仇者聯盟」來封抗的反派角色。
坦白說看完後，沒有特別的精彩印像跟笑點，就像吃了一碗平淡無奇的陽春麵罷了。",3,奧創紀元,soso
181,我是第一次進到電影院看漫威系列的電影，而且只看過鋼鐵人123集而已，所以劇情沒有說熟，但是看完這部片，我會想再繼續接著第三集看下去≧∇≦因為很能進入狀況，比如現在是在爭奪權杖等等，只要了解所有人的台詞意思，幾乎就懂大綱了，我覺得大家一定要進電影院看，才能有那種臨場感！！大推ฅ'ω'ฅ,5,奧創紀元,good
182,只能說很爽   很帥超好看  戰鬥場面超多  3D部分也不錯  個人蠻推薦這部片,4,奧創紀元,good
183,"梗超多 笑點不斷
精采度更勝以往
嗚嗚 可惜沒Loki  XDD",5,奧創紀元,good
184,考驗人性的一集，看劇情變化還滿爽的,5,奧創紀元,good
185,"對不清楚Marvel故事軸的人（沒看過Iron man 123, Cap 12, The Hulk, Thor 12, Guardian's of the Galaxy, X men...) 可能會是一個純爽片，然後突然塞了很多人事物進來的大雜燴，但是對長期follow漫威電影的來說，它是一部hero世界劇情的串連和抽絲剝繭，每一幕，每個笑點，都能看進心坎裡，並解釋了一小部分Marvel系列電影的伏筆，總歸一句見人見智，本人推",5,奧創紀元,good
186,"很多笑點電影院大家都冷冷的 沒戳中笑點
浩克終結者打浩克時 狂捶+昏倒昏倒昏倒那裏倒是滿好笑的
劇本有點沒爆點...雙胞胎等等甚麼的都是...就是差了點甚麼(可能版權問題吧 所以設定有點失望 居然只是被製造出來的超能人...)
最後看完要等一下唷 又有彩蛋  終極無敵霹靂宇宙大反派又出來了! 不懂原作的可能有點難認識他....
最後是 不管怎麼樣 我還是支持!!!YO~",5,奧創紀元,good
187,"不               好                     看             普普通通

同檔期的 玩命關頭 好得多    有紀念性又比較爽....

甚麼?你說不同類型不能比較?

那拿英雄片來比的話:經典的黑暗騎士系列   超人鋼鐵英雄    美國隊長2   鋼鐵人3   復仇者聯盟1   

比這部好看的多太多..

別再盲從了......我發覺很多人都是一窩蜂 有人說好看就好看  ..好看在哪?

機器人 索爾  鋼鐵人 飛來飛去就算好看嗎?     如果你想看的是 一堆雜魚 被復仇者們 一轟 就爆  那OK 

大反派 也很弱   實在是..........哀


結論:鋪天蓋地的宣傳 還辦展覽  掩蓋不瞭這部片   不             好        看   的事實!!!!",1,奧創紀元,bad
188,超好看啊，復仇者從團結→猜忌→分裂→團結，剛好替漫威宇宙第二階段劃下句點~ 漫威迷對於復仇者2緋紅女巫跟快銀跟出現應該很高興才對，能讓兩位加入電影真的很棒！伊莉莎白歐森真的超正完全不輸給黑寡婦！可惜的是不知道這也牽扯到版權還怎樣電影把女巫跟快銀的變種人身份拿掉…不過能力還是很屌啊！,5,奧創紀元,good
189,"首先我覺得第二集跟第一集還是很類似，雖然預告片看起來非常的黑暗，但實際上卻還好，此片亮眼就是壞人奧創這個腳色了，以往漫威電影的缺點就是壞人的安排，像是索爾2以及星際異攻隊，壞蛋給觀眾的印象都非常淺，只知道他們很邪惡而已，奧創這壞人還蠻有個性的，雖然是AI機器人，但是帶有一點滑稽感，不像機器人一樣死板板的，另外第二集還帶有一些驚喜，像是賈伯斯的安排很驚訝，黑寡婦和浩克的感情戲也蠻有趣的，片中還把黑寡婦的童年以及鷹眼的生活帶進片中，所以第二集還是有稍微拖長的地方，導演好像很喜歡以對白戲方式來呈現電影裡的腳色，好像是上一集鷹眼發揮的不大，所以這集戲分多了一些，再來就是缺點了，雖然動作場面依然華麗精彩，而且電影中的科技配備更上一層樓，十分豐富，不過我個人不是很喜歡電影前半部的結構，總覺得有點鬆散，而且一些對白總覺得很死板，不少笑點我們在場的觀眾都笑不太出來，可能外國人感覺會不同？節奏方面跟第一集差不多，中間還是有少許拖慢，可能是期待過高的關係，我覺得第二集不敵第一集來的好看，甚至覺得星際異攻隊和美國隊長2都還比較緊湊精彩，比較怪的是最後大場面各個角色都有加入，只是獵鷹出現一下就沒他的戲份了?? 最後本片的安排感覺是獨立的，以往漫威電影有些銜接續集手法，但是此片看不太到，像是當年看完鋼鐵人3，以為鋼鐵人會退休，實際上完全沒影響後續發展，甚至未來還會有鋼鐵人vs美國隊長的續集""內戰""，但是此片也沒有如此鋪成？恩... 總之個人有些小失望，但是還不至於到討厭的地步，有機會還是會想再看幾次。",4,奧創紀元,good
190,"可能是期望太高,看完感覺比第一集遜色,再加上玩命7太好看,
看完個人覺得普普",3,奧創紀元,soso
191,"我覺得假如每部電影都要要求到毫無瑕疵，這也太累了

個人覺得這是一部好片，在有限的時間內

導演想表達的很多，只希望看完覺得失望的人好好回想劇情

然後去銜接，去享受電影，而不是當個刁鑽的人～",5,奧創紀元,good
192,"剛剛看了很多人的短評，很少看到yahoo短評這麼中肯
1. 劇情說真的有點弱，後面就只是打雜魚而已
2. 主題真的超分散的，每個人都要一點戲份(不過我想這也沒輒)
3. 個人覺得美國隊長2還比較好看....
給個3顆",3,奧創紀元,soso
193,結尾字幕跑完後 的那個角色 感覺長的好像浩克~~~變種浩克的feel~,4,奧創紀元,good
194,"沒有比第一集好看緊湊好笑~

第二集比較算是替第三級內戰鋪路

因為太刻意所以劇情有點沒這麼 ...精彩",3,奧創紀元,soso
195,看不懂的說爛，看的懂的叫好~,5,奧創紀元,good
196,如標題加打的還不錯～隊長帥,4,奧創紀元,good
197,給一顆星的是其他片商的工讀生吧,5,奧創紀元,good
198,"主題太多 大家都要有戲份 反而分散掉那種感覺 像是 鷹眼的家庭那一些 不需要的阿 ~ 
還有敵人要多 要強 不是雜魚過場 

小失望 給四顆",4,奧創紀元,good
199,我覺得滿不錯的，片中很多幽默的地方~~,5,奧創紀元,good
200,整片是在講一個被網路霸凌後躲起來後來見面報仇的故事...應該沒暴雷吧,4,奧創紀元,good
201,很多幽默的地方，劇情也讓我看到整個入神。讚讚！期待第三集,5,奧創紀元,good
202,本來很期待的去看，卻也沒有什麼強大的敵人，只是收拾爛攤子。劇情乏味，只有打鬥夠勁,3,奧創紀元,soso
203,"個人認為就是好看的動作爽片
要看有劇情的酸民就去看“托斯卡尼艷陽下”
鋼鐵人對上浩克滿精彩的
期待第三集",4,奧創紀元,good
204,"看的很爽是真的，但是一開始的打鬥動畫有點假
新主角裡的小鮮肉很喜歡，可惜可惜（拭淚）
每個人心中的恐懼，看自己如何調適跟面對
等了那麼久，很滿意！
真希望可以再長一點（明明都兩小時了）
完全不想睡，整個入戲超深（可惜旁邊的人一直講話好煩）
還有意想不到的感情發展
每次都要讓我期待下集，喜歡英雄系列的別猶豫錯過吧！",5,奧創紀元,good
205,真的沒有很好看 滿失望的 第一集跟第二集差的有點多 ...,2,奧創紀元,bad
206,前面拍攝手法很暈最好不要看3D⋯中間很悶⋯只有每次打鬥好看⋯⋯,2,奧創紀元,bad
207,看到睡著....整個乏味,1,奧創紀元,bad
208,"憑良心講真的爛透了
重以前就很愛英雄電影部部都看，但這集真的會看到睡著",1,奧創紀元,bad
209,好看又很搞笑 金秀賢超美的啦,5,奧創紀元,good
210,"復仇者聯盟後面加入了幾個很強的隊友
已經在期待第三集了",5,奧創紀元,good
211,沒爽度也沒深度....失敗,2,奧創紀元,bad
212,爽片都不爽片了!還是王明官 頭7好看,2,奧創紀元,bad
213,沒喇叭,3,奧創紀元,soso
214,"只能說每個人的觀感不同  不能否定這部片的好與壞  必須要親自去看才會知道好不好看

自己看過的感想是 有幽默  有梗  熱血  好看  其他不予置評   我給5顆星!!!",5,奧創紀元,good
215,"這種片不看前作或漫畫是根本不會懂他在演什麼的，但如果你抱持著看爽片的心態去看，我非常推薦。
劇情交代清楚、偶爾的幽默、戰鬥場面也很精彩。但Marvel電影唯一的缺點就是英雄設定都太強、壞人太弱了，原本漫威漫畫裡強到爆表的奧創也是被打假的，雖然真的很爽，但「太」爽了，完全沒有地球面臨毀面危機的緊張感。整體來說深度普普，但是是很適合闔家觀賞的娛樂片。
不知道為什麼有人聽到韓國取景、在韓國拍的就給爛評，挺有趣的。
最後，網路上謠片尾彩蛋出現蜘蛛人的影片是假的哦！",4,奧創紀元,good
216,"復仇者好看!!!! 尤其是角色之間的合體技超華麗
不得不承認完7也很好看
但是其中有些因素也是因為大家懷念保羅的心理作用而已吧= =",5,奧創紀元,good
217,因為後面沒有了啊,5,奧創紀元,good
218,"該死！　　如果我是先知道有那麼多韓國的景跟劇情。。。。。


老子絕對不會去看！！！！",2,奧創紀元,bad
219,"這次第二集系列 標題就讓觀眾知道主線 鋼鐵人東尼為主軸 這次有新角色加入劇情 增添不少戰鬥場面 魄力還是夠的 尤其鋼鐵人東尼對戰浩克暴走那段 打鬥狠有震撼力~讚!!! 中間描述一些個角色互動劇情 稍微冷了下來 但也不可或缺就是(觀眾應該偏愛打鬥多些~哈) 後面就整個開始
熱絡起來 居然整個城市躍空而起(特效不錯就是) 當然最後boos被絕地大反攻 還是得乖乖趴著 ^ ^ (最後三位一體光線鬥奧創橋段設計還不錯)
總而言之復仇者聯盟2 是製作團隊精心拍攝的一部好片 自然有一定水準 喜歡看超人英雄系列的妳你~別錯過囉!!!!!!",4,奧創紀元,good
220,重點到底是什麼？ 為什麼演一大堆有的沒有的？第一集好看多了⋯ 看完散場有人說騙錢！ 真的好悶啊 第一次爽片看到睡著⋯,2,奧創紀元,bad
221,整體而言還算不錯啦! 以特效來說，不會輸第一集 劇情方面呢..有些地方的對話過於冗長是真的...和第一集比少了些熱血配樂，風格有點偏向紀錄片(導演好像有說過!?)      缺點大概就是新血 Vision 和大反派 Ultron 沒有詮釋得很好!!! (和想像中落差不少)  但還是值得一看啦!,5,奧創紀元,good
222,不至於難看....但是就還好....4顆,4,奧創紀元,good
223,感覺就像在看鋼鐵人第四集一樣,3,奧創紀元,soso
224,花那個錢，不如花錢去睡覺，因為還有床,2,奧創紀元,bad
225,沒有緊張的氣氛感覺就是很平淡的過去然後看完一部電影，沒有特別精彩。但還是覺得可以進電影院看一下特效音效等等⋯最重要的，後面有小彩蛋！不要急著離開喔,4,奧創紀元,good
226,"我覺得玩命7稍微好看一些
整體來說不難看 
可能是期望太高
沒預期的好看
但還是值得進戲院看",4,奧創紀元,good
227,"真的差太多了..
害我浪費半天的時間!!
那些時間拿來睡覺多好!",1,奧創紀元,bad
228,快銀死了  不會被箱子復活嗎？,5,奧創紀元,good
229,看完後真的知道為何導演會覺得很累了 他希望把每次的戰鬥畫面都拍到最帥 可惜的是劇情感覺像為了戰鬥而演的 所以為了畫面而忘了劇情的感覺,5,奧創紀元,good
230,場景不錯但劇情很像玩遊戲的分支小劇情...不爆雷我只能說萬磁王會氣死....!,3,奧創紀元,soso
231,"好看..很緊湊..但覺得第1集比較好看..主角太多反而個人著墨不多..但卻是緊張刺激的動作片..
最後看完手套就可起身回家了~結尾跑工作人員字幕後面沒有影片..
當然..要看有沒有字幕上動了一些小手腳..
或是可以一邊聽著配樂.看著名單.一邊快速的回想電影的內容..也是對創作者的一種尊重..",5,奧創紀元,good
232,看2 輪騙就好,1,奧創紀元,bad
233,"好多上來來灌水的工讀生阿
我看你們的評論都可以拿去交作業了寫的那麼正式
劇情有點莫名奇妙拉就先不破梗了!!!!
大家去看就知道了!!
個人還是比較喜歡上一集...
然後這次彩蛋只有前面一段後面字幕播完就沒有了
所以大家不用憋尿等到最後喔!!!!!",3,奧創紀元,soso
234,"延續第一集的片尾導向
還記得雙胞胎嗎？
當然會在這一集出現嚕！
而且技能真的是很奇特 超乎我的想像
但是這集壞人也不是他們
雙胞胎只是個被利用的棋子

另外還有一個新角色   算是無敵的吧…自己去影院看嚕…

綱要圍繞著複雜元素：
雷神弟弟的權杖.心靈寶石.奧創.人工智慧.無限的網路.…

簡單的說他們要阻止不小心弄出的背叛鋼鐵人所造成的毀滅而聚集…

其實沒有仔細鑽研過內容的我 只能夠半知半解 我想大部分女生都不太懂英雄電影的主題吧！

Whatever ,我們是衝著這些英雄來的..不是嗎？
…身材姣好身手矯健的黑寡婦.無敵英雄浩克（對了…他們倆…嘿嘿…）還有胸肌傲人的美國隊長及索爾…帥氣的鷹眼…還有其實我不是很愛的自負鋼鐵人…

以前不看英雄電影的我
現在因為一些角色而愛上了英雄電影了…
片尾記得看完 當然還是有伏筆的嚕……

這幾天去看可是有很多活動的唷………
要說好看麼…我可是給90分哦…絕無冷場

還有非常漂亮的金秀賢也加入演出…何時才有台灣人呢？

話說3好像要分部  真折磨啊！
……………",4,奧創紀元,good
235,老實說本片想要說的並不是奧創有多強，本片主要是要講各角色的心理層面，從第二階段的鋼鐵人3開始到美隊2就可看出，紐約大戰後大家的心理轉折和改變，從第一階段的導入期到第二階段復仇者2，他們產生不同的理念和想法，他們都一致的想保護地球，但每個人的主張和方式都不同，所以才會有意見分歧的產生，這也讓復仇者們內心的恐懼浮上檯面，奧創是為了保護地球的產物，是東尼史塔克自負的翻版，但我更在乎的是奧創這個人工智慧的心理層面，不是他有多強大(請記住這是電影世界觀，不是漫畫)，本片還有一個重要任務就是第三階段的鋪陳，讓本片與第三階段的電影都有些環環相扣的因素，片中的臺詞.細節都埋著未來走向，可謂用心良苦，或許一些因素片長無法太長，有些細節無法太詳細在片中闡述，但我相信導演已經做的很好了，如果大家真的喜歡這部電影，請用心去了解漫威的電影世界觀的細節，不要輕易去否定和批評，復仇者聯盟2並不是單純的爽片，而是用心整合了目前為止第二階段的精彩電影,5,奧創紀元,good
236,很想給兩顆星，奉勸看之前不要期待太高，也不用非3D不可。,3,奧創紀元,soso
237,這級的概念舖陳超棒！打鬥動作炫目，劇情拿捏恰到好處！,5,奧創紀元,good
238,"看過的誠不誠心推薦看D-BOX?! 
感覺動作場面很多！",5,奧創紀元,good
239,"玩命7 復仇者2  電影情節不一樣!不能比較!! 很多人把兩片搞在一起!

下一集應該沒有! 浩克 鋼鐵人 索爾 鷹眼! ~~有新的成員加入! 美國英雄太多了!",5,奧創紀元,good
240,"覺得此片毫無冷場而且非常好看~值得看IMAX3D~或3D~
比較喜歡女巫這個角色~因為他很性感能力又強~^^",5,奧創紀元,good
241,"只能說 還沒看的 趕快去看吧 也算是在為後面 無限寶石的後去鋪路 薩諾斯會在第三集出場
其他鋪陳應該會出在 各個超級英雄的個別電影裡面",5,奧創紀元,good
242,劇情非常無聊，特效場面也普通，整體來說大概只比變形金剛4這部大爛片好一點而已,2,奧創紀元,bad
243,"說真的，這一集等於宣告，超級英雄不超級了
所以，他們得找更強大的盟友了了
真是自已打自已臉，還打的掉牙兼臉腫",5,奧創紀元,good
244,"這次一大早就衝首映，而這次的劇情緊湊道你會目不轉睛，至於劇情就不劇透了，IMAX3D超級大推薦
如果不是想看爽片的，就別衝這一部了",5,奧創紀元,good
245,"這集多了幾位角色
劇情就相對需要更多解說
複雜但卻不隨便
反派方面交代的很完整
每個英雄個別的角色特寫也不馬虎
在每個角色幾乎是大牌的狀況下
鏡頭要分配的當
需要不少工夫
這點從第一集就可看出導演的運鏡手法優秀了
有的人或許覺得爽度不如其他動作片
但其實該有的打鬥我認為已經很到位
兩個小時片長本來就該有其他時間用來描述緣由
才能完整表達漫畫的原始內容
漫威系列和玩命那種類型的片本來就不同
無從做比較
對於有在follow英雄系列電影的人
應該能了解其中差別
我覺得第二集在內容上比第一集還出色
值得一看!！",5,奧創紀元,good
246,"無限手套都出場了...

該怎麼辦呢",5,奧創紀元,good
247,"少了第一集篇幅性的介紹各角色出場
這集的流暢度滿緊湊的 笑點也是滿多的
雖然有些地方有些薄弱 但不會影響整體觀賞
劇情不透漏的前提下
滿推薦大家看數位大螢幕的 會比較過癮",4,奧創紀元,good
248,實在太好看了!!這集的角色刻劃上面非常出色!! 鷹眼的台詞很棒!!必看的年度佳作,5,奧創紀元,good
249,撇開劇情不提，娛樂性十足。整體上，第二集比第一集好看，角色對話(幽默)、戰鬥花樣、招式也比較多~~,5,奧創紀元,good
250,"大致上，目前漫威真人版電影有把無限寶石中的其中４顆寶石下落給完整交代清楚；
首先：

1. 宇宙魔方   (置放於阿斯加) =  空間寶石(藍色)
2. 乙太   (置放於收藏家帝凡) =  力量寶石(紅色)
3. 星際球體       (置放於柴達) =  現石寶石(紫色)
4. 洛基權仗       (置放於幻視) =  心靈寶石(黃色)

而未來 / 漫威第三階段9部電影，將會交代完其中代表靈魂(綠色) ＆ 時間(橙色)的兩顆寶石 和
宇宙超級無敵大反派Boss.薩諾斯 所持有的寶物 - 無線手套 / 浮空王座 / 無限寶石如何使用方
法促使蒐集完全，= ) 這一集很明顯比第一部更好看；會擁有負評的幾乎都是不了解美漫系列
電影的人 = ="" 看不懂得，該好好檢討；沒先研究過美漫漫畫的劇情。而亂評論！",5,奧創紀元,good
251,"""小個子探員…""

.

.

.

熱血程度略不如上集，

但在角色的完整性上，

是明顯的比上集要更好！

依舊是值得進場的一部娛樂佳作~

是我看完""復仇者聯盟2：奧創紀元""的第一個感覺~

詳細請上：

http://gys2.pixnet.net/blog/post/278785174",4,奧創紀元,good
252,………！(玩命7比較值得重覆看…,2,奧創紀元,bad
253,別看三Ｄ,3,奧創紀元,soso
254,"奧創真的很弱！
而且他的臉讓我想到佛地魔阿！！！！！",4,奧創紀元,good
255,"怎樓上還有人寫""滅霸""把奧創捏碎.....完全誤導
還有以前的那款大型接機遊戲 的四個人物分別是""美國隊長 鋼鐵人 幻視 鷹眼""  怎樓上還有寫是""金鋼狼"".....

電影裡的奧創完全被弱化.......看過動漫畫的都知道....https://s.yimg.com/f/i/tw/movie/i6/button_preview.gif",4,奧創紀元,good
256,不需要  雙胞胎  忽然變好人要有些轉折   一些思想被控制ㄉ幻境   小綠  小黑  你追我跑ㄉ談戀愛,2,奧創紀元,bad
257,突然開始懷念第一集大家會互相吐槽Boss耍白爛的劇情了⋯⋯⋯,1,奧創紀元,bad
258,"可能沒看過美版漫畫吧~
覺得這集只是在鋪之後的梗~
內容就不透露了~
不過確實有點想睡覺...
期待星際大戰好了~",3,奧創紀元,soso
259,"前面還不錯 中間一度想睡覺 我寧願中間縮短半小時 後面就一直打鬥 
鷹眼 黑寡婦 浩克 都有比較多台詞表現 有加入新的英雄 預告沒有的~~
就算很多人說SOSO 但是沒看過的人還是會去看吧~~",3,奧創紀元,soso
260,還沒看過的放心，完全不是一樓說的那樣..,4,奧創紀元,good
261,快銀....你怎麼就這樣....GG了,5,奧創紀元,good
262,大概這幾年已經出了好幾10部有關機器的電影.看下來就很像是在看魔鬼終結者似的不是因為不好看而是題材膩了.整體來說很不錯各角色均勻的曝光各司其職.但快銀已經被福斯給比下去了讓人覺得快銀沒有什麼特色搞笑居少.不過看到他們出來又讓我跳入了哥吉拉哈哈.....這次幻視終於出來了他可是從史塔克的機器助理配音轉到幕前哦...這角色滿多探討的我記得小時候去玩街機有玩過Marvel的動作闖關遊戲.那時幻視是全身的乳白色怎麼這次化成了紅.6~7年級應該知道這款遊戲[鋼鐵人.美國隊長.幻視.金鋼狼]可以選擇.鷹眼這次劇情滿意外的原本FB已透露浩克與黑寡婦要出一部了.害我擔心鷹眼孤獨一人畫圈圈.看來我們擔心多餘....最後的隱藏片段已經在銀河守護者出現了不過看到他可以說是熱血沸騰了...如果結局來個蜘蛛人我想結局不會是空虛了‧,4,奧創紀元,good
263,但....還是第一集裡的外星人比第二集的機器人，厲害多了！,3,奧創紀元,soso
264,真的⋯還好。,3,奧創紀元,soso
265,"看過的人是否也跟我一樣覺得賈維斯好像是裡面最強的了？  看完後的疑問
為什麼賈維斯他拿的起雷神之鎚？ 我真的不懂 雷神之鎚不是誰力氣大就拿的起來的 是因為受了詛咒的關係(只有雷神拿的起來) 但…為什麼賈維斯拿的起來？ ""我邊看邊疑惑這一點""",5,奧創紀元,good
266,"這個月是怎樣.....玩命七略勝一籌
個人喜好勿筆戰
不說優缺點，以免暴雷。",4,奧創紀元,good
267,美國隊長.....GG了T_T,5,奧創紀元,good
268,"一樓的亂寫   根本不是那樣

所以大家可以放心看   那不是爆雷

但是這部片真的超棒的

我打算看三次ＸＤ",5,奧創紀元,good
269,"看完一路被擺臉色，說浪費時間看這部電影。雖然我是覺得精彩有餘但緊張不足，也不至於爛到不爽吧！如果是漫威迷一定要看，因為對話間有在鋪梗往宇宙發展，看完後印象最深應該是有""山寨超人""+爆乳辣媽路人甲。",3,奧創紀元,soso
270,雖然周末才要去看，但是不得不說，一樓你幹嘛爆雷~,5,奧創紀元,good
271,可不可以不要第一篇回應就爆雷,5,奧創紀元,good
272,"請問看過的大大，我們要看GC,推薦看3D還是2D呢?",5,奧創紀元,good
273,比第一集還讚！尤其是最後滅霸出來把奧創捏碎時，我整個人都熱血起來了,5,奧創紀元,good
274,"注意::::((不要抱著期望很高的心態去看))   ~   故事有點帶的太快    第一集真的比較精彩
如果滿分10分   我應該只給7.9   其餘  不暴雷~  自己去電影院看就知道了!!    
還有那個彩蛋   其實一點也不驚喜= =   雷神2  之前就已經知道了~",5,奧創紀元,good
275,"首先我一定要說!!!
真的謝謝MARVEL實現了我們大男孩心中
最熱血一直以來都覺得不可能的夢想
那就是能一次看到這麼這麼多最有名
最強的超級英雄在大螢幕上齊聚一堂
一起並肩作戰打爆所有地球宇宙最強
一般人絕對解決不了神一般的BOSS!!!
而且最重要的是!!!!
這個聯盟在迎接2018終極大戰到來之前
還在不斷壯大成員數量中
即將成為影史上最龐大的超級英雄團!!
(鋼鐵人 美國隊長 浩克 雷神索爾 黑寡婦 鷹眼 幻視)
(即將回家的蜘蛛人還有腥紅 獵鷹 戰爭機器 蟻人 )
(黑豹 奇異博士 驚奇隊長 星際異攻隊 異人族)
(全部加一加高達20幾個英雄主角還不包含)
(未來MARVEL如果談好)
(也可能加入的X戰警 驚奇四超人)
在如此龐大個個幾乎都是主角的情況下
說真的對小弟來說
只要跟BOSS大戰超爽特效絕招帥爆
每位超級英雄出場露臉次數平均分配
我就已經毫無所求 神作無誤了!!
說真的 能看到所有你愛的超級英雄
在這不到三小時的時間齊聚一堂陪你一同力禦強敵
你還能要求更多嗎?

回主題 個人認為 以復聯2劇情的完整度
超恐怖大反派奧創為何而生
為何掀起地球大戰的完整鋪陳
(真的沒騙你超強超聰明!!)
(如果不是某人的誕生)
(復仇者聯盟絕對打不過!!)
帶出各英雄角色的黑暗過去
(尤其某位最不想讓人知道)
(但是我們影迷最想看到的過去)
(也終於有帶出來了)
MARVEL系列電影至今最
龐大震撼的特效場景
眾英雄超帥的打鬥跟各種流暢的組合技
還有為2018無限之戰前
MARVEL系列第三階段新電影的各種鋪陳
光看到這些我已別無所求 爽片神作無誤了!!
個人認為整體來看絕對超越復仇者第一集
(第一集的總打鬥長度跟第二集比)
(真的天與地的差別不騙你!!)
(第二集打鬥真的又長又多又流暢場景超震撼根本爽!!!)
準備再進戲院第二刷!!!
體驗一下大戰奧創的爽快及更仔細研究裡面埋的未來梗了XD

PS.觀賞前注意以下幾點你會看的更盡興過癮
1.由於有舖陳到前面幾部的梗建議先以
復仇者聯盟1 鋼鐵人3 美國隊長2 復仇者2的順序觀看
相信你也會覺得原來劇情這麼流暢梗都能秒懂了XD
2.以(主要想看這麼多成員這麼龐大的超級英雄團大戰奧創)
(想看各英雄帥氣的絕招",5,奧創紀元,good
276,"只會批評 不懂得欣賞 電影的人 幹嘛要來看電影???
錢太多??? 還是時間太多??? 像這種人來看只會汙辱電影而已!!!",5,奧創紀元,good
277,"以英雄片的角度能拍成這樣根本是頂級的 
就不懂那些愛跟其他電影拿來比較的人在想什麼
不爽就別看電影!!! 在家裡睡覺!!! 出來批評根本吃飽太閒!!!",5,奧創紀元,good
278,還不錯 是不會輸第一集 還有就是最後的大戰是在哪個城市拍的 看起來感覺是歐洲 但不知道是那座城市,5,奧創紀元,good
279,"這部從1個多月前開始就在期待了
真的沒有第一級好
不過還是值得進電影院看看",5,奧創紀元,good
280,我只能說 這邊的網評評分只能看看就好 還沒看的建議看一下http://www.imdb.com/title/tt2395427/     .     http://www.rottentomatoes.com/m/avengers_age_of_ultron/?search=ave  在想想要不要去看 懂我的意思吧,5,奧創紀元,good
0,"因為字數限制的關係，我無法寫只有一個字的短評，所以寫些廢話充數，而我的短評是""爛""",1,最終騎士,bad
1,"劇情很悶,很無趣...看到想划手機..不知道在拍什麼",2,最終騎士,bad
2,完全是衝著特效去看的，以這點來看算上成之作，不過好像也玩不出新把戲了,4,最終騎士,good
3,"看過前幾集 早就沒期待有劇情 
純看爽片 但一點都沒爽到
片長兩小時半 變形金剛打鬥場面大概不到10分鐘
還有邏輯兩個字似乎不適合用在此片",1,最終騎士,bad
4,"沒題材就別再硬拍續集了,超難看,浪費錢",1,最終騎士,bad
5,"可以改片名叫：「他媽的難看5」
最扯的還要拍「她媽的難看6」",1,最終騎士,bad
6,"特效畫面還是做的不錯,雖然劇情亂兜一通, 一千多年前的機器跟現在編在一起, 二戰德國都出來,",4,最終騎士,good
7,"好看啊～ 超爽片也很刺激
光看特效就很爽了！
不然變形金剛是要幹嘛?像懸疑片還是愛情文藝片才好？",5,最終騎士,good
8,不知道在演什麼.... 真的不好看,1,最終騎士,bad
9,"老實說真的挺無聊，劇情沒有甚麼可看性的…
變形也變到膩了…",2,最終騎士,bad
10,有史以來看過最爛的電影!劇情亂跳一通!實在太浪費演員們演技!連一顆星都不想給!看到想睡覺,1,最終騎士,bad
11,完全走味了............為什麼創造者會長得像人???????????????????????????????????????????????????????????????????,1,最終騎士,bad
12,真的很無聊,1,最終騎士,bad
13,完全沒辦法給滿分，劇情真的有夠無聊，是後面動作場面給分數拉高的...,4,最終騎士,good
14,難得能看到睡著的片,1,最終騎士,bad
15,比神鬼傳奇好一點,2,最終騎士,bad
16,好看.,4,最終騎士,good
17,真難看到極點!!!,1,最終騎士,bad
18,不難看啦,5,最終騎士,good
19,"其實沒有到很差啦 還是覺得很帥
前面雖然看不懂 但後面真的太帥啦!",4,最終騎士,good
20,難看，智障電影,1,最終騎士,bad
21,讚,5,最終騎士,good
22,一顆星還嫌太多...,1,最終騎士,bad
23,嗯,1,最終騎士,bad
24,Shit,1,最終騎士,bad
25,Don't like CHINA,3,最終騎士,soso
26,劇情真的不好看...好悶,1,最終騎士,bad
27,不難看阿,5,最終騎士,good
28,真的想看就租片就好了,1,最終騎士,bad
29,純粹爽,5,最終騎士,good
30,"世界大爛片
失望透頂...",1,最終騎士,bad
31,不如預期好看....前面敍述太長，很沉悶。,3,最終騎士,soso
32,"好爛的劇情和對白
第一次看電影看到睡著
一顆星給特效
真的可惜那麼好的特效了
唉⋯",1,最終騎士,bad
33,2個半小時毫無劇情重點.......，不知道再演什麼........,1,最終騎士,bad
34,"真得跟前幾級差好多~很多人說難看還是想來看~很像在看電視的感覺~完全沒法進入劇情跟畫面.
劇情跟畫面都很亂~劇情也跟前幾級一模一樣~應該是劇本寫到不知道怎麼寫了.
每一級把人類演的真的是強頭草.上一分鐘狂追打博派.
下一分鐘卻能跟博派追打狂派機器人.超無言.
一堆機器人無法衝破陣線.小不點機器人一槍搞定. 還不是很邏輯的 @@.
中途一度快睡著.像大大說得真得很多廢點.
只能當無腦爽片看看~~不要有期待有什麼好劇情跟剪接~~推介這類型人看.",3,最終騎士,soso
35,"


其實根本沒有網友說的那麼糟
剪輯很亂？
自己邏輯不好無法連貫劇情而已吧
唯一說對的事情是這一級金剛戰鬥畫面是真的比較少
我給5分只是為了幫忙救評價
實際上大概4.多吧",5,最終騎士,good
36,是沒之前好看但也不難看啦╮(╯▽╰)╭,4,最終騎士,good
37,爛,1,最終騎士,bad
38,超級無言..........,1,最終騎士,bad
39,特效100分，劇本好，故事觀強大，但拍得不好。,5,最終騎士,good
40,"想凸顯全球觀、宇宙觀，是不錯的
但有太多勢力跟角色，以至於故事細節較為忽略
中間確實有點想睡
但基本的創意還算有趣，初衷一貫
若你也會因為每個小人物看似平凡其實偉大的勇氣，感到激動
那還是值得去看看",4,最終騎士,good
41,太過於把變形金剛灌輸太多人類梗......但也沒有低到評分3.2那麼低拉,4,最終騎士,good
42,"音效和音樂是很大的問題，沈悶的tone,讓不少人睡著。",3,最終騎士,soso
43,很少這麼嫌棄動作片   看過一到四都真心覺得還有邏輯根據情   這集根本就是一直嘴砲吵死了   科博文都在減尾刀    一下就變好人     反派跟人類的設定也太弱   一堆莫名其妙晃來晃去   爛,1,最終騎士,bad
44,看到一半不是快睡著，是已經睡著。,2,最終騎士,bad
45,還是不爭氣的睡了兩次,2,最終騎士,bad
46,覺得時空設定有點混亂，可能個人腦子不好實在無法理解,3,最終騎士,soso
47,不好看。劇情完全一成不變。片長太久，完全坐不住了。,1,最終騎士,bad
48,看到睡著後，醒來就記不起看到那？好像沒有導演的電影，把人家辛苦製好的動畫，亂拼在一起，無聊的內容一堆，一點新鮮的橋段都沒有，不過它也打破我個人只打一顆星的紀錄，,1,最終騎士,bad
49,又臭又長的電影，很多是多餘的橋段，例如西蒙打嘴砲，連找權杖的梗都跟第二集相同：金剛在決戰時跑來跑去，是參加機器人運動會嗎??總之，就是一不跟鄉土劇同一層次的變型金剛~,1,最終騎士,bad
50,爛到爆,1,最終騎士,bad
51,我覺得還不錯，只是少了打鬥感覺會怪怪的,5,最終騎士,good
52,明明就沒有那麼難看！還是好看啊～,5,最終騎士,good
53,以電影票來說，看這部這大片很划算，反正就是爽片，只是結局草率爛尾，整體來看還ok，不懂怎麼這多人說難看，光打鬥、男主角跟那個英國女教授鬥嘴也很有趣，最跨張還有網友說看到睡著???這麼吵的爽片也能睡??真的有去看片子嗎???,4,最終騎士,good
54,如果要當爽片，不要看｡最難看的一集…但去睡覺可以看,1,最終騎士,bad
55,大部分給一顆星的不是因為電影劇情，而是自卑心作祟的中資情節。,5,最終騎士,good
56,太令人失望...浪費我的金錢和時間,1,最終騎士,bad
57,超難看,1,最終騎士,bad
58,"我覺得雖然有點亂看不太懂
但還是覺得好看👍",5,最終騎士,good
59,超爛！絕對不要去浪費錢！！,1,最終騎士,bad
60,"爛透了！本來很期待。
和我朋友ㄧ起都看到睡著。劇情超亂超爛",1,最終騎士,bad
61,覺得小小兵都比它好看  ==,1,最終騎士,bad
62,爛爆了,1,最終騎士,bad
63,好看，真心覺得,5,最終騎士,good
64,無敵大爛片，幹，浪費我下小夜班去看。。。,1,最終騎士,bad
65,變形金剛中最難看的一集，又臭又長,1,最終騎士,bad
66,"一開始硬要置入亞瑟王的故事
完全不知道跟變形金剛有啥關聯可言
然後一開始一堆人排擠變形金剛們
然後莫名亂入一個不知道幹嘛的小女孩
接下來就開始老梗主角找寶物後有追兵
然後柯博文一醒莫名反變形金剛的又變成同盟了
一秒變同盟真的不誇張 WTF? 
然後最後BOSS也為了吸能量完全不管自己的地方已經被打毀了
WTF AGAIN? 然後就這樣被打爆 女主角拿回權杖 就阻止這一切了

裡面唯一感動的只有柯博文醒來後說的話 其他莫名其妙到極致
新來的小女孩唯一功能原來是Cue隨從去攻打敵人 完全打醬油的角色
然後結尾又有續集了 恩= =...希望家人不要再約去看了",2,最終騎士,bad
67,"還好這電影票是有人請的...
一堆沒意義的台詞
金剛打架不到10分鐘
最後那個配樂有夠吵是一直放著給它播嗎 = =
反正賣靠北也不用擔心自己拍片的爛品質
還是會有一堆智障支持的",1,最終騎士,bad
68,還是好看爽字超❤️大黃峰,5,最終騎士,good
69,充滿了置入性行銷，不過有人知道優衣褲也有置入性嗎？我好好奇啊,1,最終騎士,bad
70,"連我這個變形迷都覺得有點爛了
真的不知道在演什麼
劇情感覺都亂接
密卡登沒死
後面又一個伏筆
還有6
唉",3,最終騎士,soso
71,難看,1,最終騎士,bad
72,這是一部爛片，不知道在拍攝什麼,1,最終騎士,bad
73,看到出神，感覺片長太長,1,最終騎士,bad
74,"好多人都說不好看但我覺得還不錯，比3和4好看～
開頭跟傳說故事做結合，覺得解釋得滿好的，
安東尼·霍普金斯的戲份意外地滿多的，
很喜歡他，原本以為只是來友情演出出現一下子而已ＸＤ",5,最終騎士,good
75,"裡面的置入性行銷,我還可以接受!
不能接受的就幾點:
1.小屁孩梗,明知道禁止的事情還要去做,這是教育小孩叛逆的意識嗎?
2.依舊是小屁孩梗,當面對強大的對手,有勇氣是可嘉許,但無腦的行為最終還是需要大人去處理去拯救?這依舊是教育問題!
3.配角黑人廢話太多,非常吵!
4.這次的翻譯,感覺有加入動畫式的台式翻譯!我感覺不好~但見仁見智!
5.潛艦裡吃生魚片,盤上配菜從哪來?",1,最終騎士,bad
76,劇情跳來跳去，真的是爛劇情爛劇本，找三立智障編劇，都比本片掰的好,1,最終騎士,bad
77,超難看⋯真的沒必要留伏筆再拍第六集⋯,1,最終騎士,bad
78,我真的覺得很好看,5,最終騎士,good
79,"這是一部劇情簡單
但場面屌到爆的電影",5,最終騎士,good
80,"頭一次...在戲院看到睡著了,不知道這劇情在演些什麼 ?...有點無聊",2,最終騎士,bad
81,"蠻好看的啊
畫面好看
趕快來看",5,最終騎士,good
82,超級無敵大爛片,1,最終騎士,bad
83,很好看,5,最終騎士,good
84,"87說不好看也要跟風
明明很好看",4,最終騎士,good
85,沒有網路上說得難看 ! !  是有深度的,5,最終騎士,good
86,去看之前爬了一下評語，大致上都是不好的，但想想好不好看是個人主觀，於是還是去看了，說真的，我第一次看到一部動作片竟然出現打瞌睡的情況，而且看到一半其實有點想離場了，劇情就是一直為了打鬥而打鬥，整個劇情搞得我好亂，真的看不懂，可能是我慧根不夠吧，而且這也是我第一次給影評，真的太糟糕了,1,最終騎士,bad
87,整部片都是金屬與爆炸的聲音耳朵覺得累，那個老頭好吵話好多都不直接講重點，然後我睡著了3次我朋友睡著了兩次，不知道這樣正不正常，平常看電影都沒再睡的QQ,1,最終騎士,bad
88,還是第一集最好看!,1,最終騎士,bad
89,好看！很過癮！推推～,5,最終騎士,good
90,"這是我有生第二部看到剩不到一半劇情離開戲院！
不知道在打什麼，節奏快到一直打瞌睡，也不想去想劇情，真想離開座位！",1,最終騎士,bad
91,前半段不知道劇情在演什麼 邏輯很難接起來 中間打鬥場面時朋友就看到睡著了 覺得是變形金剛系列目前最難看的一集 早知道看90分鐘的小小兵,1,最終騎士,bad
92,網友評價果然中肯，超級大爛片，爛到無與倫比，不愧是2.7星的評價，沒爽度，沒邏輯、爛劇情、角色混亂、每一處都是悲劇，爛爆了麥靠背。好題材也能拍成這樣，電影公司也是智障，這種等級也敢推出來賣，打壞招牌無極限(=_=),1,最終騎士,bad
93,太糟了,1,最終騎士,bad
94,我只能說想要陷害朋友的可以大推這一部,1,最終騎士,bad
95,"劇情空洞會讓人想睡覺, 只是因為非常豪華3D特效給3顆星, 不然1顆星都沒有, 還輔導級12, 應該是普遍級, 第5部票房應該不是很好",3,最終騎士,soso
96,第四集讓人失望後，就決定再不進電影院看了!但昨天看到評價那麼爛，反而激起興趣、想看到底多爛，看完以後覺得，真不愧是2.8星的評價，只有特效沒有爽度，邏輯混亂、劇情破碎、角色多餘、剪接悲劇，我的心志因為這部片又更堅毅了一些、感恩 麥考背。,1,最終騎士,bad
97,好人一秒便壞人 壞人一秒變好人....完全不曉得在演什麼鬼  還看到睡著  真的是續集大作電影中最鳥的一部 白白浪費我150分鐘........,1,最終騎士,bad
98,"超好看的~
柯博文現身超帥的……
蠻多畫面很震撼，期待第6集",5,最終騎士,good
99,"看在它是好萊塢首部以IMAX 3D雙機實拍的電影給3星，畢竟特效部分真的非常華麗！
至於其他就不多說了😂⋯
無聊殺殺時間可以看一下，反正看部電影也才幾百塊！",3,最終騎士,soso
100,"比神鬼傳奇好一點
",3,最終騎士,soso
101,片子剪得亂七八糟，看得頭很痛，有始以來最爛的一集,2,最終騎士,bad
102,我發誓第一次看大片看到我想上來留言~這第五集  真 ~T ~M ~D~有~夠~難~看,1,最終騎士,bad
103,好看，內容豐富，緊湊,5,最終騎士,good
104,"看完後,你真的會覺得期待!!!
因為他六集不會是麥克貝執導了.........
有一個如此低的下限.第六集真的可以去看 因為已經有這麼爛的第五集

還有明年的大黃蜂獨立電影 也不會被""他""荼毒",1,最終騎士,bad
105,白癡才會看！,1,最終騎士,bad
106,T M D,1,最終騎士,bad
107,好看,5,最終騎士,good
108,有夠難看，看到睡著，吵死了，沒劇情。,1,最終騎士,bad
109,"從前段到中間 都還蠻沉悶的

中間看到一度睡著

到後面 才醒來

劇情蠻空洞的",3,最終騎士,soso
110,我覺得還滿好看的，有些點也蠻幽默的,5,最終騎士,good
111,看樣子，又是一部因為中資被政治意識刻意打壓的片子！,5,最終騎士,good
112,超級大爛片,1,最終騎士,bad
113,難看,1,最終騎士,bad
114,難看到爆,1,最終騎士,bad
115,真的不好看，沒劇情、沒笑點、沒羅輯、除了它的特效，實在找不出可以推的地方，這種片HBO就算播了我也不會看第二次，早知道這麼難看，我看古XX的5分鐘看完變形金鋼1~5就好了,1,最終騎士,bad
116,原來不是只有我覺得難看。亂七八糟的劇情,1,最終騎士,bad
117,大概是看之前 youtube上面的一些素人影評都一直說難看  但想說1-4到電影院看了 總是去捧場一下   後來看了沒有我想像中的難看 當然跟第一集是沒辦法比的 但也還是比第四集好一點 至少沒有一直誇張的置入行銷  到後半部金剛打架那邊 還是有微微的出神一下 還行啦~,4,最終騎士,good
118,"我以為網友太偏激沒想到真的很難看
完全無法融入戲裡，很少看電影一直期待結束",1,最終騎士,bad
119,不難看，就是爽片！,3,最終騎士,soso
120,那死鬼真煩 還有一堆嘴砲戲 是在看舞台劇還是電影 嗎的 爛片!,1,最終騎士,bad
121,有笑點，但有個地方含糊帶過,4,最終騎士,good
122,我的留言怎麼沒出來…,3,最終騎士,soso
123,123,3,最終騎士,soso
124,"個人覺得不錯

特效給5顆星",5,最終騎士,good
125,尚可,3,最終騎士,soso
126,"只能說 劇情還一樣遭
特效畫面已經看不出來誰是敵誰是友了
就看到亂打一通 然後好的一方全活下來了 壞的一方也不知是死是活
王碰王更是越打越短 看不到當頭目的威嚴在哪裡..",1,最終騎士,bad
127,"特效依舊很讚！
只是劇情真的是一大敗筆……",3,最終騎士,soso
128,"第四集我覺得超爛，但這集故事劇情比第四集豐富，
只是廢話台詞太多畫面又跳來跳去，很容易讓人出戲，
只要你有專心融入劇情知道角色關係就不會覺得難看了，
第四集我給一顆星，第五集三顆星",3,最終騎士,soso
129,給兩顆星是因為上一集更爛,2,最終騎士,bad
130,劇本超糟！,1,最終騎士,bad
131,"其實沒那麼糟,評價會那麼低因該是觀眾的期望太高",3,最終騎士,soso
132,"奇摩一面倒說很難看, 特地看了國外影評, 沒錯確實也說得一文不值, 例如像是批評它根本不是電影而是卡通等等.
好奇心驅使去看了, 想知道到底是有多難看.

看完了, 我覺得好看啊, 意猶未盡, 來平反一下, 1) 它本來就是一部科幻虛擬的故事, 劇情本來就可以扯很遠, 中古世紀以及後面的英國現代拍攝的都很到位很有味道, 場面壯觀華麗, 看得很舒服 2) 主角身為最終騎士最後那一劍替柯博文的檔格真的經典到不行, 它拍得很經典, 不是亂拍, 很感動, 3) 不再像前幾集誇大的特寫女主角的妖豔, 但是這次找的女主角絕對也是美人胚子, 沒有半點折扣, 只是不再物化女性, 這次用小女孩, 完全沒有像有人說得很佔戲很佔螢幕等等, 親自看了並沒有, 而且她跟那個小機器人很天真很可愛, 沒作假, 這個小女孩元素完全是好的成功的 5) 柯博文回家被洗腦完全不是事實, 柯博文只是被女妖的意見影響了, 喪失的對地球正義的堅持, 但是他還是醒了, 很人性, 這部分的劇情完全沒錯

總結, 我給四顆星, 因為還可以更好啦, 絕對不是爛片, 覺得爛的人應該是一開始覺得好是好在太好了或者欣賞的不是這部片真正的框架.",4,最終騎士,good
133,一顆星，很好睡的2.5小時,1,最終騎士,bad
134,好看,5,最終騎士,good
135,"動畫特效都不錯
但是個人覺得劇情有點太隨便帶過的感覺
應該是整體故事劇情太長
但是卻硬要放進兩個半小時中
導致每一個場景都有點敷衍了事的感覺

看得有點痛苦
好像一直在追著後面的劇情在跑",3,最終騎士,soso
136,"昨天晚上7:30去電影院看完這部片。
去看前也是看評論反應差，抱持懷疑態度去看，心想反正前面4集都去看了，若難看也沒差這部了。
觀後心得是岀奇的好看耶、全片近2個半小時無冷場、也不拖戲、無角色定位模糊交代不清的問題，場景過鏡也很流暢，變形金剛對打也不會像前集看到頭暈，笑梗也舖陳的得很有創意，劇情也不老梗不會看沒完就猜到結尾。
第五集「最終騎士」片名多少說明了此集為系列告一個段落，雖然彩蛋有著續集的可能，但從導演、男主角都表明不再接拍續集，本集也把前四集的劇情做結尾，所以可見得最終騎士在此系列的重要性。
當然這部片本就是商業片，劇情無需要太認真探討，但各種特效、拍攝手法跟前4集比有突破。
總結：看這裡的低負評做參考也有失準的時候，真的想了解建議到戲院裡看眼見為憑囉，謝謝！",5,最終騎士,good
137,"難看到我花時間登入寫評論
真的是看到一半就想離席
了無新意又沒什麼梗又臭又長真的去看保證覺得浪費錢又浪費時間",1,最終騎士,bad
138,還OK沒那麼糟，只不過劇情簡單而已，沒啥特殊新意！,5,最終騎士,good
139,"劇情連我想要暴雷我也不知道有甚麼可以暴
連演員都可以感覺到他們不太想演隨便演演
人生中第二爛片
第一爛片(""第一次""甄子丹/柯鎮東/安球拉杯比)",1,最終騎士,bad
140,"實在無敵無聊，
一開始放映的時候還以為是不是放錯片了?!!
鋪梗鋪超長，還完全就是看到快睡著，
實在是不推阿~~~",1,最終騎士,bad
141,沒這麼糟啊真的就是只有狂~,5,最終騎士,good
142,"演到2小時的時候，看到柯博文恢復我還以為不會飛上去打那個創造者⋯⋯
馬的，結果還飛上去打了半小時的爛戲⋯坐到我屁股痛死了，但花了400$看IMAX 3D還是咬牙看完⋯⋯",1,最終騎士,bad
143,"去看機器人變成車子，似乎不大需要管劇情是否合邏輯，它就卡通呀！
特效超棒，五分。",5,最終騎士,good
144,"光特效畫面至少三顆星吧
IMBA 至少也有5
投一顆星的是不是太偏激了
完全抹煞電影幕後人員的付出",3,最終騎士,soso
145,看過變形金剛一到四集  第五集其實還滿好看的,5,最終騎士,good
146,"第四集已經失望了
沒想到第五集簡直失望透頂
整部戲超吵又沒任何劇情可言
而且東拼西湊的
看的都快睡著
給一顆星都覺得太多了",1,最終騎士,bad
147,看到睡著,1,最終騎士,bad
148,其實還可以，至入性行銷也沒像以前的誇張，這一集交代為何從第一集開始變行金剛一直來到地球的原因，真的沒那麼糟，或許最近的特效片太優秀，把大家胃口養大了,5,最終騎士,good
149,"可以上廁所了嗎？憋很久怎麼還不結束？長大後第一次有衝
動想直接睡",1,最終騎士,bad
150,讚,5,最終騎士,good
151,"操...我第一次在電影院睡著竟然是看變型金剛5...
他馬的真厲害阿.........有沒有那麼爛的電影呢? 
為什麼最低只能給一顆星呢? 不能給負的呢? 不要浪費錢去看這部電影了~真的",1,最終騎士,bad
152,"大黃蜂 好可愛～～^_^
",5,最終騎士,good
153,比第四集好看多了，不過麥可貝接下來很難拍出超越這集的續集了。這集的架構已經太大了，而且從古到今都囊括了，當然也把觀眾的重口味給養大了，才會這麼多複評。我是看3D版，覺得看得很過癮，總歸一句，這就是麥可貝的變形金剛。要不同的感覺，必須換導演了，就像蝙蝠俠系列。,5,最終騎士,good
154,爛透了,1,最終騎士,bad
155,"最糟的一部
雖然打鬥很多
但前面三分之二都想睡覺
劇情就是
我是柯博文!!!!",1,最終騎士,bad
156,.......,1,最終騎士,bad
157,還算不錯看啦,3,最終騎士,soso
158,給一顆星都嫌太多的爛片,1,最終騎士,bad
159,看完感想...柯博文的失智日記....,2,最終騎士,bad
160,難看到睡著了 可惜了特效,1,最終騎士,bad
161,太爛了,1,最終騎士,bad
162,"原本抱得很期待的心情...結果一度打瞌睡...
劇情很差真的很差...劇情搞得那麼複雜為何不能簡單易懂一點?
片名的主題:最終騎士竟然是人類...不是金剛???為什麼???明明徽章是古代金剛身上的...
就算是選擇人類當騎士也要號召一下古代騎士吧...啥都沒..只看到徽章變成一把劍超扯....也無法跟金剛對抗..
就一直看最終騎士一直在逃命而已.....
反正很多很爛的劇情而且劇情跳來跳去...例如一開始梅林拿到法仗.....之後呢???畫面跳回現代....
很難想像那根法仗竟然可以造成世界末日....到底為什麼??最後那個昆塔莎一開始不是很強嗎???最後卻不堪一擊",2,最終騎士,bad
163,好看~,5,最終騎士,good
164,特效動畫很棒...但劇情不知道在演甚麼？翻譯更爛像是日本動作片的水準,1,最終騎士,bad
165,1~3集的那種爽度回不去了，劇情冗長.混亂 交代不清，工商置入多到反感，拍攝手法感覺變了  看到最後頭昏眼花,3,最終騎士,soso
166,.......,1,最終騎士,bad
167,我第一次寫影評 真心推薦在還沒看過影評之前想看的人去看 別因為負面影評受影響 好不好看是個人主觀感受 自己看了才知道. 我看完後覺得還不錯看 沒有其他負面影評說的差 可推薦對變形金剛系列電影有興趣的人去電影院觀賞或之後透過其他管道觀賞電影. 我給這部電影爽度五顆星：）,5,最終騎士,good
168,其實我覺得不難看，只是剛開始我以為我走錯廳，怎麼那麼像魔戒的場景，電影是有點冗長，因為要描述前因跟後果，女主角還蠻漂亮的!,3,最終騎士,soso
169,好看~大黃峰可愛，只是科博文都出來說廢話而已,5,最終騎士,good
170,沒想像中難看 補血。特效很爽,5,最終騎士,good
171,"看到中間差點睡著
前面鋪梗太長
柯博文變壞竟然只有幾分鐘而已，還是因為大黃蜂的聲音恢復理智
果然""基""情四射
總之，特效可以，劇情SOSO",3,最終騎士,soso
172,"升為常常看電影, 也看過Transformer1-4 電影粉絲. T5 真的沒有那麼的差.. 你看過4..  4 一定比5差很多.   

亮點: 新女主角滿正, 很多特效, 很多大場面, 很怪的場景

缺點:  故事編劇把歷史弄進來 搞得不合理, 會讓大家扣分扣很大的原因.. 的確是2.5HR 常了一點.

還是值得去看. 沒有爛到2.8阿.. 3.8-4.0",4,最終騎士,good
173,"我非酸民，公道星星3顆
因為整部片就特效能給
劇情什麼的我就無語",3,最終騎士,soso
174,"真的就是""純動作""電影

劇情 牽強 冗長 沒邏輯

看到一半 我就希望它快點播完 

爛番茄15%跟神鬼傳奇一樣....悲慘...",1,最終騎士,bad
175,不小心訂錯票只好看了，但除了第一集能看其他到底在演什麼？沒有意外的這集又隴長廢話又多劇情又爛...一整個亂演大亂鬥，很久沒花錢看這麼難看的電影了，連HBO重播都不會想再看一次，朋友說就當來看車...那不如去看世貿車展門票只要200還能摸車子,1,最終騎士,bad
176,"我看到最後，完全晃神，
只能靠飲料和薄菏提神撐下去！",3,最終騎士,soso
177,"看到評價這麼低分一度讓我猶豫要不要去看,但每集都看得我還是去看了
除了前面劇情敘述較亂,故事分支多較沒條理,小女孩的角色不知道存在的意義外
看完整體覺得還滿好看的阿,特效也超讚!!
不太懂怎麼會有一堆人都寫看到要睡著或清醒的時間很少?",5,最終騎士,good
178,不知道柯博文都最先走，最慢來去哪了,1,最終騎士,bad
179,劇情明明就交代的很清楚，戰爭場面特效也很精彩又有笑點，那些說看不懂還看到睡覺的人，是不是要檢討自己一下啊！不要不會生還牽拖隔壁老王,5,最終騎士,good
180,威秀寶寶沒出來，不知道已經開始播了，還覺得這預告片的特效真是爛！跟上次安麗的蛋白粉一樣，我看完只記得酷狗音樂！,1,最終騎士,bad
181,"不過，收尾倒是有點草率!! (雖然前四集好像也是都類似這樣 """,5,最終騎士,good
182,第四集已經爛到無藥可救了 想不到第五集更是不知所謂的爛 完全跌破谷底 劇情鋪那麼大 結果導演是忘記怎麼收了嘛？雖然是特效爽片 但是至少劇情要合理 合邏輯 不然乾脆弄一堆車子建築大爆炸的動畫還比較爽 一走出電影院聽到周圍的每個人都在罵超級大爛片 麥可貝還是別拍了 他拍的電影毫無新意 本來至少還能當爽片看 現在連爽片都沒得看了,1,最終騎士,bad
183,前面完全跳來跳去的劇情，超亂，一度讓我覺得有美國電視劇的感覺，很多地方配樂也沒有，整個超乾。不知道小屁還闖禁區明明就跟著警察引道出去就好就是要硬幹，根本超蝦的劇情。五金廠一直演金剛無意義的嘴砲，超乾的劇情。要到很後面戰鬥的地方畫面劇情才連貫，第一次喜歡的題材讓我看到坐不住...。如果是低成本電影我可能還給3顆星，但這種資本拍出這種片，最多2顆星。,2,最終騎士,bad
184,"看完是覺得這部野心很大，場面很大，想交代的事情很多，但到最後卻落得很多事情描述不夠，劇情比較雜亂的下場！看完還是覺得霧煞煞的人，可以再看一下這個劇情心得介紹，應該可以更了解劇情的發展，但有劇透，沒看過的人就自己斟酌一下囉！
https://youtu.be/MiEus5aqDeU",3,最終騎士,soso
185,"這集這個人感覺比前4集好看  不過有個缺點  劇情沒有跟第4集銜接上是怎樣   密卡登4集明明就超級醜  變形元素製造的
這集卻變超帥  變大隻 ....後面我就不劇透了",4,最終騎士,good
186,"雖然是爽片,但是基本劇情也要連貫,變形金剛第一集看到第五集,第三集就該END了,第四集開始就是垃圾片了,這集更誇張爛到爆",1,最終騎士,bad
187,好看,5,最終騎士,good
188,比上一集還好看阿?,5,最終騎士,good
189,第一次看電影看到想要它快點結束。到底在演什麼?這編劇明天開始可以回去吃自己了。別破壞了的變形金鋼這部好電影好嗎？,1,最終騎士,bad
190,明明還不錯啊.雖然有點冗長.但評分沒這麼慘吧,5,最終騎士,good
191,明明就還蠻好看的阿!! 有效點的地方也都有聽到有人在笑 一堆人給一顆星是怎樣...,5,最終騎士,good
192,不知所云,1,最終騎士,bad
193,劇情比較混亂,4,最終騎士,good
194,至從舒化奶之後就整個爛了…還替大陸人直入行銷…真是專打不長眼！,1,最終騎士,bad
195,劇情沒連接看到睡著了,2,最終騎士,bad
196,"說劇情零散  亂拼  我想只是因為你們看不懂吧 或是跟你想像的不一樣?   講白點 你看不懂的電影你當然覺得不好看  或許是你的腦不擅長在這部電影  說導演爛的  很老套一句 你去拍看看   
酸片長久的  只能說你真的很難伺候  片長短 說哪裡沒解釋 片長久 讓你一次看的夠也酸 真的沒轍欸
角色部分有些是真的出場率低 但怎會影響到你看電影的情緒 怎麼 腦袋沒辦法記那麼多嗎
給猶豫要不要看的人  這部電影片長兩個多小時  屁股可能有點痛  特效這點不用說 很棒  劇情就認真看就會懂  別被正負評影響  等你看完再說",4,最終騎士,good
197,嫩,1,最終騎士,bad
198,看到後面還睡著 沒有什麼精采的地方 失望,2,最終騎士,bad
199,"劇情空洞凌亂~不知道他們到底在忙什麼?

機器人出現畫面也超少~整部片3分之2都是人類是怎樣....

拜託不要再出續集了~不要再汙辱變型金剛 四個字~謝謝",1,最終騎士,bad
200,👍🏻👍🏻👍🏻,5,最終騎士,good
201,基本上就是亂塞 不要以為特效片就能沒劇情啊,2,最終騎士,bad
202,故事大剛較多~大場面動作較少!,3,最終騎士,soso
203,"
",1,最終騎士,bad
204,"一開始還以為跑錯廳，還拿電影片出來確認一下~~~
內容真的不怎麼樣
但車子、劃面、跟爽度是足夠的",3,最終騎士,soso
205,還沒去看，也不會想去看，跟前幾集一樣，只剩預告片好看而已，千萬別又被騙了，錢省起來去吃好料的吧,1,最終騎士,bad
206,看到想睡覺 變形金剛 封殺,1,最終騎士,bad
207,超好看啊，雖然有些橋段不太合邏輯，但是整體還是滿刺激的啊，看變形金剛不是只為了柯博文吧。給五顆星平反一下。,5,最終騎士,good
208,劇情很鬆散，很雜亂，只有爆炸爆炸爆炸....給觀眾滿滿的視覺麻痺。,1,最終騎士,bad
209,"地球人可以不要一直嫌博派
最後又不當一回事又可以一起戰鬥 能不能一開始就是好同伴不行嗎……我能想像第6集地球人又覺得變形金剛危險 然後又要追殺變形金剛  我猜第六集 地球人Vs變形金剛  因為壞蛋差不多都死光了",1,最終騎士,bad
210,好看,5,最終騎士,good
211,劇情 動作 特效...我就不聊了...所有情節都為動作場面服務...就是這樣轟炸腦細胞..沒什麼更讓人驚訝的.至於劇情其實就算它拍了100集...也不會有人認為變形金剛是真的這種錯亂感...結合歷史傳說來增加它劇本的精采度...根本是把大家當白痴耍  實在是不應該因為它可以立刻看才給它機會的....我覺得我瞬間智能下降了....2017年還沒過一半 十大爛片應該都入圍得差不多了...,1,最終騎士,bad
212,如果拆成上下二集故事內容說明在詳細點，應該會比較好消化,4,最終騎士,good
213,完全沒有劇情，只有滿滿的特效，難得看電影會看到睡著，真的不用浪費錢去看了,1,最終騎士,bad
214,"比起前幾集，沒有一點驚喜感，完全激不起一點看電影的熱血，整個看下來平淡無奇，覺得很失望。頭一次看電影看到睡著......電影,,,,可能還是要見好就收吧！這集真的不推",1,最終騎士,bad
215,製作團隊不用心，只為了拍續集而拍，設計對白超蝦，劇情空洞無聊。完全不推薦去看。,1,最終騎士,bad
216,年度最佳入眠片!!,1,最終騎士,bad
217,"雖然被大家批的體無完膚的樣子，
但這部電影還是有蠻多可取之處，
這裡提供不錯影評介紹，
有詳細介紹電影中的一些細節與由來，
如果有看不懂的人，可以參考這裡:
https://youtu.be/MiEus5aqDeU",4,最終騎士,good
218,個人覺得故事太長，變形金剛的畫面不多，但後面還不錯！只是整體來說 我覺得越來越沒看頭,2,最終騎士,bad
219,超難看，很努力地撐著沒睡著，整場電影沒有半個moment有觀眾在笑，劇情空洞沒內容，變形金剛系列一集比一集還難看。,1,最終騎士,bad
220,真的不要去看  別浪費錢了  看到快睡著,1,最終騎士,bad
221,"有夠悶 劇情有夠拖
看到想睡",1,最終騎士,bad
222,"被一個伏擊就被全滅
主角隊可是一個也沒倒唷",3,最終騎士,soso
223,"電影劇本更找來了美國名編劇搭檔，寫過「鋼鐵人」(Iron Man)與「神鬼制裁: 就地正法」(Punisher : War Zone)的Art Marcum, Matt Holloway，以及寫過「黑鷹計畫(Black Hawk Down)演員出身的Ken Nolan共同執筆，透過六位主配角在不同時空之間的歷史傳承淵源，穿針引線讓「變形金剛 5：最終騎士」(Transformers : The Last Knight)，從之前被垢病，純粹賣弄電腦特效缺乏內涵的無腦片，變身成一部結合「穿越時空」、「歷史神話傳奇」，「人類 Vs外星人」、「地球末日與救贖」多重商業賣座元素，加上原本就有的「汽車變身金剛機器人」的酷炫視效元素，企圖吸引不同層面的觀眾。

 

所以電影「變形金剛 5：最終騎士」(Transformers : The Last Knight)，究竟是無腦還是有思? 可能因著不同背景素養的觀眾，看的切入點不同，而會有迥然不同的評論，它可以是許多人一邊看一邊罵，眼中口中樂此不疲的無腦爽片，但如果是專攻電腦特效與英國古歷史神話文學的朋友看這部片時，或能看出編劇如何拿捏遊走在商業與藝術之間的分寸，看見一般普羅大眾，可能難以一窺堂奧的深層意涵，進而津津樂道樂在其中，甚至拍手叫好的感受。 完整影評請看http://petermurphey.pixnet.net/blog/post/222908686",4,最終騎士,good
224,第一次給1星是認為它不配擁有那麼高分，2.5星是我能給它最高上限了，除了一連串無意義的白癡對話外，劇情難道能不合理成這個樣子嗎?小妹妹你是被拿來拖戲的你知道嗎?我必須讓想去看這部片的人別抱太大期望，才不會看完覺得浪費時間。另外，給某樓的：給5顆星也不會讓你變得高尚。,1,最終騎士,bad
225,別去看～真的這集最難看，看到睡著。。。。悶到爆表,1,最終騎士,bad
226,差點睡著,1,最終騎士,bad
227,經典的片，即使人家評大爛片，還是自己看看吧,5,最終騎士,good
228,劇情很亂,1,最終騎士,bad
229,劇情真的寫的很爛！只剩特效還行，有人留言說此電影對話幽默搞笑，其實對話內容也不怎麼好笑，從同場電影院裏的觀眾只有幾個人在笑就知道。真是每況愈下的變形金剛電影系列！,2,最終騎士,bad
230,還滿不錯的！以圓桌武士為題材！,5,最終騎士,good
231,"特效及場面都蠻好看的,片長2小時半蠻物超所值的。  ",5,最終騎士,good
232,已經比第三集好太多了,5,最終騎士,good
233,超級難看,1,最終騎士,bad
234,"系列中最難看的一集，爛到讓我覺得寫劇本的根本在擺爛。
除了特效還行，其他都不值一提。
請來了安東尼 霍普金斯這樣的實力派影帝，他都能把他的角色演到讓人覺得像二流搞笑的就知道劇本有多誇張了。",1,最終騎士,bad
235,劇情爛⋯到⋯不⋯行⋯編劇要出來解釋一下嗎⋯,1,最終騎士,bad
236,個人觀後感：喜歡…團聚：榮譽：信任…眼見不一定為憑…🤗,4,最終騎士,good
237,"今天去看變型金剛5最終騎士超好看的動作特效看的超爽的一路爽到電影結束女主角14歲也可愛那隻變形三頭惡龍超屌的大黃蜂在這即出盡了峰頭XD這幕電影又是一個滿場的節奏
看這幕變型金剛5電影也讓我們上一段歷史課說地球以前真正的名子是 "" 尼克亞斯星""電影我也又學到歷史了原來地球真名以前是尼克亞斯星😂😂😂😂😂邊看電影看學歷史又很多爆破和大開殺戒大場面一路不冷場到尾~~我就是喜歡這種無腦爽片看完後心情超爽的不愉快全忘了
要看長篇大論的不深論電影的把電影錢省下來去看圖書館翻翻長篇大論的書吧
不要忘了電影是給人存舒壓有臨場快感和給人開心和有恐怖氣氛和那種臨場爽感
我給變形金鋼5第一名  神鬼傳奇第2名 神力女超人第3名",5,最終騎士,good
238,誇張難看，比大鬧天宮還難看..超級誇張,1,最終騎士,bad
239,"其實還不錯
雖然場面有點混亂
整體還是算精彩",5,最終騎士,good
240,到底在演啥炸來炸去的有夠無聊！,1,最終騎士,bad
241,"史上top5爛片 前面權杖講得多屌多屌
實際看起來根本沒感受到威力
看了會睡著 絕對不推薦",1,最終騎士,bad
242,是沒有前4集緊湊～～但也到很難看啊～～變形金剛本來就是要看場面跟跟爽度不是嗎？,4,最終騎士,good
243,真的很難看，睡著了,1,最終騎士,bad
244,"不可諱言【變形金剛五：最終騎士】這部電影讓我打了幾次哈欠，柯博文的戲份太少也要稍微吐槽一下。不過勁爆場面和華麗特效超多，無須動腦且炸好炸滿的設計真是貼心又紓壓。雖然劇情拼湊及畫面剪輯略顯凌亂，但我還是覺得比隔壁棚同樣是爽片的神力女超人好看太多了。那部電影兩個多小時，我可是看了前面約七十分鐘才開始嗨戰壕那段僅約五分鐘的高潮而已。另外之後莫名其妙的愛情戲就狗血灑地有點太多囉！！！

#黑化版柯屁好帥

#看到三頭龍就讓我聯想到基多拉",5,最終騎士,good
245,後面很熱血啊！對話很好笑，劇情就別太鑽牛角尖了。。,5,最終騎士,good
246,"一堆亂給分，全部注意力都是看特效看場面，而這部分做得不差，就跟以前一樣，爽片看得爽，至於好看不好看，幽默有趣，有場面，總之，最低也有4顆星

",5,最終騎士,good
247,很喜歡那個老人～還有大黃蜂,4,最終騎士,good
248,別急著走開 後面有彩蛋哦！,3,最終騎士,soso
249,雖然慢動作很討厭⋯不過 還是很好看,5,最終騎士,good
250,錢真的不是重點~重點是它浪費了我2.3小時的時間~這種爛片搞得比長城還要難看.早知道多看一次神力女超人也好! 今年看過最好的片是我和我的冠軍女兒! 而最爛的就是這部了! 看這片真的連租片都是浪費錢~ 真是看到氣死了.以後絕對不看了,1,最終騎士,bad
251,給ㄧ顆星，並不會提高自己的素質。,5,最終騎士,good
252,六月看了兩片神鬼傳奇與變形金剛五都看到睡著無趣片。,1,最終騎士,bad
253,就是難看，不囉嗦!!,1,最終騎士,bad
254,畫面真的很棒!但是劇情感覺是硬掰出來的!劇情內的所有邏輯!!不好!應該叫做4-2不是5,2,最終騎士,bad
255,"比上一集好多了,  上集在香港打,看到快睡著,  這集還蠻有意思的",5,最終騎士,good
256,畫面一直跳來跳去的，一下子那個地方，一下又別的地方，機器人也太多種了，亂七八糟的,1,最終騎士,bad
257,很混亂😂置入行銷明顯 竟然還要拍下一集！,3,最終騎士,soso
258,第一部看到想拿飲料砸螢幕的電影 該連署換導演了吧,1,最終騎士,bad
259,其實我覺得這種片本來就不是看劇情而是畫面，如果覺得劇情很爛的人是否以後這樣的片都不要去看比較好呢？真心覺得給一分也太誇張了，愛注重劇情的人根本不要去看這類型的片,5,最終騎士,good
260,難看到直接離開電影院 節奏感跟劇情完全沒有在用心 一分也只是給特效,1,最終騎士,bad
261,爛片 打的亂七八糟 又沒啥劇情 還想繼續拍第六集 扯,1,最終騎士,bad
262,老梗....無新意...無劇情可言....真個趕到不行，有那麼多情節應該三小時拍完，也不願他兩小時超趕....不要浪費錢.....,2,最終騎士,bad
263,"圓周率就是
3.1415926535 8979323846 2643383279 5028841971 6939937510 5820974944 5923078164 0628620899 8628034825 3421170679 8214808651 3282306647 0938446095 5058223172 5359408128 4811174502 8410270193 8521105559 6446229489 5493038196 4428810975 6659334461 2847564823 3786783165 2712019091 4564856692 3460348610 4543266482 1339360726 0249141273 7245870066 0631558817 4881520920 9628292540 9171536436 7892590360 0113305305 4882046652 1384146951 9415116094 3305727036 5759591953 0921861173 8193261179 3105118548 0744623799 6274956735 1885752724 8912279381 8301194912 9833673362 4406566430 8602139494 6395224737 1907021798 6094370277 0539217176 2931767523 8467481846 7669405132 0005681271 4526356082 7785771342 7577896091 7363717872 1468440901 2249534301 4654958537 1050792279 6892589235 4201995611 2129021960 8640344181 5981362977 4771309960 5187072113 4999999837 2978049951 0597317328 1609631859 5024459455 3469083026 4252230825 3344685035 2619311881 7101000313 7838752886 5875332083 8142061717 7669147303 5",5,最終騎士,good
264,看了難看的預告就不想去看了,1,最終騎士,bad
265,沒看過這麼難看的電影...爛劇本 東湊西湊的 什麼都來 看到完全無言 最後還他媽時間暫停咧 哇靠 八點檔都比這好看 一星只能給在特效吧... 別傻了 這真的讓人難過又想睡的電影 浪費我的時間跟錢,1,最終騎士,bad
266,想看就去看，看了才發現還是不錯，雖然都是一樣的老梗、一樣的機器人、一樣的英雄主義、一樣的打不死，但哪部爽片不是這樣演??所以yahoo影評還是看看就好，有時候連參考的價值都沒= =,4,最終騎士,good
267,超無聊 看到快睡著 還以為是我自己太累 那些電影工讀生給五星覺得好看的請多刷幾次吧！如果覺得第三集跟這集能比 那我也是醉了,1,最終騎士,bad
268,第三集第四集就難看到翻過去了，到底多M才會去看第五集，未看先一顆星洗分數,1,最終騎士,bad
269,"雖然劇情的安排上沒有那麼優，但是聲光效果超級棒！
電影內容也是超級豐富的，有相當豐富的彩蛋細節，
這裡提供比較客觀的影評，裡面也有各種細節的介紹：
https://youtu.be/MiEus5aqDeU",4,最終騎士,good
270,没剧情,1,最終騎士,bad
271,浪費錢,1,最終騎士,bad
272,老梗續用的新作!!,2,最終騎士,bad
273,"雖然變形金剛電影一貫的特效震撼力還是一樣精采, 但都拍了五集, 既然是外星機器人的戰爭, 為何始終還是用與地球人類相同的武器? 而且這集因為加入古代騎士相關的設定, 許多機器人的造型反而更顯得原始(包括密卡登在內...)

說到密卡登, 他不是在第4集被改造成為不需火種源的格威龍(Galvatron)了嗎? 怎麼到了第5集又反而變回一隻普通的機器人? 貝導是忘了看上一集的設定了嗎?
聽說這是麥可貝的最後一部變形金剛電影, 只能說, 確實該換別人來做做看了...感覺貝導對於變形金剛的電影已拿不出新東西了...再硬做下去只怕會更難看...",3,最終騎士,soso
274,"所謂的反派都一手好牌打到輸,完全不懂每個切入點都沒什麼說服力,
主角又是超強肉身,先不說永遠跑的比敵人慢但不會被抓到,戰鬥中永遠不會被碎片殘骸K到,
不管是高空墜地,從海底迅速升到水面,被巨浪打中都能完全無視馬上站起來繼續屁,
劇情又跳躍太快讓人還沒盡到情緒就到下一幕,一顆星不能在高了",1,最終騎士,bad
275,不錯看期待下集囉^^,5,最終騎士,good
276,沒有那麼難看吧⋯⋯,5,最終騎士,good
277,比期望中的好看,4,最終騎士,good
278,"農糧署說明，我國於91年加入WTO後，為使我農產品貿易制度符合 WTO 規範，已開放農產品市場，紅豆屬自由進出口品項，進口紅豆以關稅配額方式管理(配額內數量2,500公噸)，當國內紅豆價格佳又國產貨源有限之情形下，貿易商自然尋求進口產品替代，當進口紅豆不符成本，貿易商即停止進口，紅豆產銷依市場機制運作調節。該署進一步評估進口紅豆成本，配額內關稅22.5％再加計關稅配額權利金，成本約55-60元/公斤；配額外關稅為22元/公斤，成本約60-65元/公斤；另當進口量超過基準數量(3,225公噸)時，並採取進口特別防衛措施（SSG），除配額外關稅22元/公斤外，另額外加徵每公斤22元之1/3關稅，成本約67-72元/公斤，顯示對國產紅豆已有較強之保護措施。",1,最終騎士,bad
279,到底哪裡爛了.....劇情是亂了點.....但爽度破表啊,5,最終騎士,good
280,其實還好,3,最終騎士,soso
281,"1.亞瑟王傳說加的太強硬了！
深入淺出，表現的像故事主軸，卻又無法讓人深刻。
2.不知道幹嘛就算了，瘋狂雷隊友
3.人類軍隊根本牆頭草，陣營變換超過4次，扯！
4.小女孩.瓦力.片尾科學家.回收場打工仔，完全不知道來幹嘛
5.剪接跳來跳去，氣氛轉換超跳
6.中資置入行銷能理解，但根本不符合畫風阿
7.笑點真的超級難笑，而且完全不是美式笑話！",1,最終騎士,bad
282,隨然依舊鳥劇情，但演員演技和特效爆破還是大勝ID4星際重生,2,最終騎士,bad
283,不錯看，很適合打發時間,4,最終騎士,good
284,"特效ok，別的電影也做的出來
劇情，不知道在幹嘛，不過有可能是我自己之前沒看完全部
太冗長，除了特效外，不知道該看什麼
更重要的是，剪輯出問題嗎？
有的人物話還沒說完，就跳畫面了！一個鏡頭接下個鏡頭，也不知道是為什麼
就是一個，沒事做就看電影，勉強可以選的電影之一",2,最終騎士,bad
285,特效很棒，劇情雜亂,3,最終騎士,soso
286,有一幽默的小插曲，沒有冷場，不知道為甚麼大家給的評價這麼低耶😦,5,最終騎士,good
287,這集畫面運用3D手法拍攝很讚，大黃蜂在這集有亮點，不錯看期待下集囉^^,5,最終騎士,good
288,"看到睡著   爽片也稱不上
前面一直在講話   沒頭沒尾的……",1,最終騎士,bad
289,"劇情亂七八糟…一開始我還以為我走錯廳？融合古代現代未來…角色,劇情設定多餘空乏無邏輯",1,最終騎士,bad
290,"給負評的可能不清楚原創卡通歷史劇情、角色介紹(尤其角色誰是誰一定要搞懂)，雖然改編的落差有點大，但一定要先看youtube前導介紹會發現很好看。
變形金剛5真的很棒，很用心。大勝前面幾集

好險我們有看，2小時30分鐘，把所有歷史劇情濃縮、改編(商業考量，還是要回到跟人類、地球相關，不然卡通版就是一直演往外太空發展)

從頭到尾沒有冷場！",5,最終騎士,good
291,"世紀大爛片 看不到一個小時我就睡著了 每一個段落都草率帶過 一堆硬演的橋段 完全沒有意義 單純去看特效片零劇情 零演技 
還有那個小女孩到底是在出現什麼意思的？",1,最終騎士,bad
292,"只能說一集比一集差，劇情雜亂沒啥邏輯，整部電影除了特效之外，沒有其它值得稱讚的地方，
變型金剛還有很多可創新的東西，而不是一直重用老梗的電影。",2,最終騎士,bad
293,"有點失望……浪費錢訂了3D版的……唉。
劇情雜亂，看不太懂……
一開始的劇情，害我們還以為跑錯廳……
旁邊的人還看到睡著……囧",1,最終騎士,bad
294,"特效讚, 笑點多 對話風趣",4,最終騎士,good
295,我第一次看電影想睡覺 ㄞ,1,最終騎士,bad
296,大概只有前面20分鐘有看頭而已，後面開始真的覺得還好，最後大戰時也覺得草草結束，整個畫面很雜亂，全部的人放在一起，真心覺得這次變形5是個非常失敗的作品。各位觀看前要有心理準備....,1,最終騎士,bad
297,劇情零散拼湊，前半段不知演啥可有可無...角色也可有可無...後半段純粹就是看特效了！,1,最終騎士,bad
298,如題,4,最終騎士,good
299,本來不想寫的，但看到很多人來抒發情緒！我也來抒發一下！這片真的是很騙錢！內容空洞！只有特效！故事雖然接在第四集之後，看似故事有連接但敘述鋪陳確雜亂無章、無重點、無驚喜！就連打鬥都了無新意！爛爆了！要拍成這樣不如重開機！重新拍第一集！還沒看的建議不要看了！,1,最終騎士,bad
300,打混水戰的電影,1,最終騎士,bad
301,亂拍一通，浪費錢，看完都不知演什麼,2,最終騎士,bad
302,我覺得之前的4集都還滿好看的至少還看得懂，但是這集真的不知道在演什麼，特效還是不錯但就是很鬆散的片段有點像紀錄片不知道是要表達什麼，我也知道這部片是看特效不是看劇情但至少要能看得懂阿,3,最終騎士,soso
303,我覺得之前的4集都還滿好看的至少還看得懂，但是這集真的不知道在演什麼，特效還是不錯但就是很鬆散的片段有點像紀錄片不知道是要表達什麼，我也知道這部片是看特效不是看劇情但至少要能看得懂阿,3,最終騎士,soso
304,五集最爛的一集，劇本亂寫演員隨便演整個很隨興的爛片,1,最終騎士,bad
305,爛,1,最終騎士,bad
306,"但我相信一定很難看  
因為......之前幾集就都沒第一集好看
這次預告也....感覺很瞎
看到大家評價很差   
我只要是變形金剛一定必看
但第五集....姊決定還是省下荷包好了",1,最終騎士,bad
307,"第五集還是一樣好看,會去看變形金剛基本上都是看特效,這次的特效也一樣很棒(我不知道是不是因為看3D所以很有感),我覺得人類部份也是演繹的不錯,此集新的機器人有別以往,是沒有之前的華麗和龐大的身軀,如果要要求它的劇情有多完美,倒不如選""柯南""可能會比想像中更有劇情,置入性行銷或許已成為熱門電影裡必出現的趨勢,個人心得~以簡單的心情去看一部特效片.比較會有意想不到的精彩!",5,最終騎士,good
308,置入性廣告太多,1,最終騎士,bad
309,第四集就看到一堆置入性行銷，第五集繼續打廣告...吃相有夠難看,1,最終騎士,bad
310,來這看評價 好多人說難看 有點猶豫 但男友堅持要看 昨晚看了IMAX 3D 片長兩小時半 的確是有點久 但我們看完都覺得挺好看呀~只能說個人感受不同,5,最終騎士,good
311,"本來就沒有太期待劇情，但至少要讓人看得懂阿阿阿阿阿
剪接非常雜亂 已經看到了一半了還是完全不知道在演什麼   一直出戲 一直度辜
忍著看到最後才勉勉強強可以認真進入劇情",1,最終騎士,bad
312,"特效一成不變、劇情沒邏輯、柯博文智商低於3歲小孩、美國軍方變成稻草，風往哪吹他們就往哪倒，
合體金剛做的比之前的大力神還爛! 最後補充，小女孩們，頭髮記得綁好。",1,最終騎士,bad
313,劇情、畫面都很亂，很莫名，柯博文一直讓人超尷尬，爽片不管怎樣都會想去捧場。但這樣很對不起影迷啊,2,最終騎士,bad
314,"電影的內容相當豐富，非常多的彩蛋與細節，
有優點，當然也是有缺點，
不過聲光效果絕對是相當強而有力的！！
提供詳細的觀後心得給大家參考：
https://youtu.be/MiEus5aqDeU",4,最終騎士,good
315,前幾集還不夠鳥嗎? 沒學到教訓?  這種垃圾片 笑一堆智障 還去看 傻被薛錢,1,最終騎士,bad
316,蠻無聊的已經沒有以前好看了,2,最終騎士,bad
317,真的只要帶眼睛去就好 沒有邏輯 沒有劇情 只有特效 真的是一部很差的電影 ,1,最終騎士,bad
318,剪接亂七八糟 搞得劇情也跳得亂七八糟  史上最糟糕的一集 看到後面都想拿手機出來滑了 不知道自己在看什麼東西,1,最終騎士,bad
319,就是爽片，記得覺得難看的下集不要再浪費錢了，哈哈哈哈哈,5,最終騎士,good
320,身為金剛迷覺得還可以啦 主要在劇情後面比較複雜有點接不太起來 當爽片看OK啦,5,最終騎士,good
321,劇情爛倒也不是新聞，從變一就劇情破碎薄弱到現在了，若知道這點還進電影院，以此苛求它也不太厚道。動畫方面效果十足，但一直一直同性質的大場面，便少了頓挫抑昂的感觀刺激，所以隔壁的睡著了，我也有一點點度估。劇情方面有感受到導演想鋪陳一翻，偶爾來點搞笑幽默的用心，個人認為比之前表現略佳，只是不合理的成份仍是偏多、缺點蓋過優點的感覺。直說爛片也不全對，會進電影院看應該都知道它就是要看大螢幕大場面視覺有爽到的(爛)片。所以，當然不會二刷，但有朋友結伴的話大概還是會去大螢幕給它騙一次的意思。,3,最終騎士,soso
322,"雖然劇情很老梗,從一開始的片頭的劇情然後硬扯上變形金剛,很不合理,但還算沒有泠場,但從第四集看的不就是特效跟大畫面,看的出製作團隊的用心,這種片還是得進戲院看,會扣1星是太多強國的置入式行銷,然後劇情一直用老梗",3,最終騎士,soso
323,特效片,5,最終騎士,good
324,"編劇真的超爛 一堆沒有必要的劇情
那個小女孩的出現真的超沒必要 你把它的畫面砍光 都不影響整體劇情 電影卻花了大約半小時給他畫面 超冗長的
畫面的剪輯 跟運鏡 超爛 戰鬥完全找不到焦點 沒有主角 就是大亂鬥",1,最終騎士,bad
325,跟上一集比這一集打鬥畫面少許多，也比較偏重劇情一些，小女孩戲份多過於女主角這點有點可惜，劇情整體個人覺得還算精彩，總覺得負評這麼多應該是看到有置入大陸的性行銷廣告！？,4,最終騎士,good
326,垃圾爛片 從第三集就開始難看 我第4集還是被騙去看  你第五集不可能騙的到我了 所以我只是單純上來給你負評 麥可貝垃圾導演可以把一坨爛屎玩的這麼開心啊 我看你也玩不下去了啦 我就不相信你還出的了第6集,1,最終騎士,bad
327,看得很累的電影，完全的破碎與不連慣，完全的想學所有的賣座片，一下黑暗世紀，一下戰場壕溝戰，一下外太空老妖女，完全四不像⋯⋯,2,最終騎士,bad
328,"老頭有夠脫戲的  柯博文也沒什麼鏡頭 我一度以為主角是大黃蜂了
密卡登一腳就死???  劇情越扯越難看 導演急著出續集 但整個劇本就是爛",2,最終騎士,bad
329,"不知道為什麼這種三流導演可以一直在這走跳
這麼好的商業題材也可以拍爛
實在是不簡單
對於還沒決定該不該花錢去看的朋友
看到這麼多一顆星還需要想嗎？
真心，不騙，爛片！",1,最終騎士,bad
330,讚,5,最終騎士,good
331,好看~根本沒有什麼故事路線混亂之類的問題，我看是沒認真看，完全沒有上面說的那麼糟，還沒看的還是可以放心去看,5,最終騎士,good
332,"尤尼克隆=Uniqlo?
有人有跟我一樣的疑問嗎？",3,最終騎士,soso
333,"從第一集到現在根本不知道在演什麼,看到睡著還被吵醒,劇中小女孩到底來幹嘛的？看了很討厭！很多餘！",1,最終騎士,bad
334,"可不可以不要每一集的結尾都來一段很感人的 , 博派與人類攜手保護地球的友情宣言, 然後在下一集的開頭就是人類殘暴無情的迫害及獵殺博派!! 這幾集看下來真覺得人類一點也不值得拯救!!",3,最終騎士,soso
335,特效還可以，不缺錢的人可以去看無妨！,4,最終騎士,good
336,慘,1,最終騎士,bad
337,只有第一集能看,1,最終騎士,bad
338,本來就沒在期待它的劇情了，看這部片唯一目的就只想看機器人大戰！特效動作給本片四顆星，少一顆是因為劇情真的爛到爆，完全不知道在演什麼！？,4,最終騎士,good
339,了無新意!!!好無聊的2:30分!!!還好只有看一般的而已!!!,1,最終騎士,bad
340,真的是最差的一集，很多人類角色出現的莫名其妙，機器人連柯博文都沒什麼表現，劇情緊湊已經很不順暢了，再加上這導演的運鏡，整個又亂又快看不入戲，好像只是在看跑來跑去打來打去，然後憋了2小時. 哦！終於演完了  然後還有下一集要繼續騙錢,1,最終騎士,bad
341,"五星給的是特效爆破爽片.
這就不過就是..
特效爆炸片而已.
講真的，就無腦爆炸片，
你們幹嘛用腦去看?
去認真呢？ 認真你就輸了。
OK???
什麼劇情呢？
第五集真的爆炸場面很壯闊，
很過癮，幾乎從炸到尾.
雖然劇情是差，
但這種片都演了5集了。
我們還不知道這是，
什麼類型的片嗎?  
真的，不用想太多了..
要看劇情片，請去看別部吧！
很抱歉，這部就不是劇情片，
這部是科幻機器人大亂鬥.
爆炸，爆破刺激的爽片而已。
神經病真多，看很多留言..
就知道根本沒進戲院看過..
就先來亂放一堆屁話，
講幹話.
真是夠了，我笑慘了。嘻嘻..",5,最終騎士,good
342,1-4集，都有看，這集最平淡,3,最終騎士,soso
343,劇情拼湊 失望的一集 但喜歡看大場面的還是進電影院吧,2,最終騎士,bad
344,"劇情東湊西湊 
人物定位模糊(小女孩她到底出現幹嘛?)
最後的大戰畫面凌亂(到底是在天上還地面阿?搞得我好亂啊) 
一堆BUG(請問柯博文恢復後到坐飛龍回來這段時間到底去哪了?)
完全沒必要去電影院浪費錢 等藍光或二輪就好
變形金剛去電影院看就到此為止 不會在有下一次!!
IMDB5.4分 爛番茄指數只有17%的爛片真的不是假的

整部電影只有安東尼霍普金斯演的能看 給一顆星就是給他的!!",1,最終騎士,bad
345,"拜託賣靠杯先生你還是別在拍下一集了..............
痛苦會過去美會留下,你再拍下去,我只剩玻璃心會碎滿地留在劇院
1顆星 是為前3集而致敬....",1,最終騎士,bad
346,麥可貝真的是「賣苟騙」啊!!! 我以為變形金剛4已經是最爛的了! 竟然第五集比四集還要爛又臭又長! 看得我打哈欠連連我決定以後不會被騙去看變形金剛了! 這部大概是我今年看過最最爛的電影了!!! 真的沒救了!!!,1,最終騎士,bad
347,"看到睡著了, 一直在回想到底內容是播什麼?",3,最終騎士,soso
348,*,1,最終騎士,bad
349,這次拍的超難看的有夠難看比變形金剛4還難看,3,最終騎士,soso
350,"劇情零散沒有主軸，節奏詭異沒有氣氛營造，人物設定多餘且不深刻。
真的是大爛片，看不到一個小時就快受不了了。
可以把變形金剛拍成這麼爛，我也很配合導演。",1,最終騎士,bad
351,故事劇情很瞎，電影特效還行 想去看要有心理准備 沒想像中的好看,1,最終騎士,bad
352,"非常感人，最後柯博文要給大黃蜂最後一擊時，大黃蜂終於開口說：瑪莎~~~！
然後柯博文就變好了。太感人了",5,最終騎士,good
353,"東湊西湊拼成一集
很沒劇情看不到30分就想睡覺了
最難看的一集 ",1,最終騎士,bad
354,ㄧ開頭就是零散的片段看不懂在演什麼真的看到睡著了,1,最終騎士,bad
355,整部片都在爆炸!!,1,最終騎士,bad
356,我以為我買的是科幻片的票結果看到史詩片+科幻片+戰爭片+愛情片+動作片+親情片+飛車片+莊園片+陰謀片+英雄片！麥考貝鄭明他什麼都能拍!劇情還很合理!超狂!比狂派還狂!,5,最終騎士,good
357,不囉嗦 爽片一部!!!!,5,最終騎士,good
358,特效爛 一大堆廣告 劇情無聊 廢片無誤,1,最終騎士,bad
359,"如題。
在親自去過影廳受台北物語的洗禮之後，我天真的以為不會在有更爛的電影了。
沒想到，變形金剛5立馬現身！挑戰其王座！
台北物語至少還能因其獵奇而笑，變形金剛5......根本一無是處。",1,最終騎士,bad
360,"抱著朝聖的心情 來迎接鉅片的到來

越看 越覺得雜亂無章  科幻特效與現實極度不合

令人感覺到 片商持續A錢的傲慢

建議還沒看的朋友們 等看二輪或是藍光DVD吧  

多省點錢 暑假還有許多片子等著花錢呢",3,最終騎士,soso
361,很好睡,1,最終騎士,bad
362,"看這麼多負評, 我很好奇的跑去看這部電影, 個人認為沒有那麼難看, 但也沒有第一集 第二集那麼感動, 大致上可以給的4星, 看動畫跟特效, 劇情的確交代的不是很清楚, 但是這是科幻片, 認真你就輸了...overall 建議大家去看.",4,最終騎士,good
363,不好看?連哭都來不及。,5,最終騎士,good
364,"覺得很失望...打鬥是凌亂的片段所組成的

導演一心想把整部片用廣告的方式

塞滿所有結構，但老實說看的實在是很傷眼

若重劇情的朋友，這部沒有觀賞的價值

若喜歡3D的朋友，這部還可以一看",2,最終騎士,bad
365,在演什麼啊？只有大黃蜂可愛,1,最終騎士,bad
366,雖然不難看，但是有點太多條故事線，不像前幾集簡單的特效爽片，一開始還以為買錯票看到亞瑟王，也沒交代為什麼大黃蜂可以分散後自己合體，算是要動腦看的爽片。,4,最終騎士,good
367,麥克貝和他的變形金剛總是被一群所謂的〝專業影評人以及他們的追隨者〞嗤之以鼻，可是最終的票房數字卻又顯示有為數眾多的影迷和變形金剛擁護者。我想重點不在於影片水準(因為見仁見智)而是影迷喜不喜愛。昨天一行三人去看４：１０的ＩＭＡＸ３Ｄ，童心未泯的我們看的直呼好看，其中一人從頭到尾全神貫注到忘了喝飲料和吃爆米花。我想起某位電影人說的這句話：『商業電影是拍給許多人看的，不是給某些人看的。』它即使稱不上藝術大作，但也時時可見〝爆〞力美學啊！更何況還有豐富眩目的造型和令人眼花撩亂的變形，應該滿足了許多人的想像樂趣吧？這是一部磅礴大作，我喜歡這一集，電影是娛樂，凡事多欣賞懂得欣賞是一種福氣啊！,5,最終騎士,good
368,因為人類苦苦哀求 就給了最重要的棒子  之後竟然也沒收回來 就這樣在人類間流傳 最強的boss不自己來奪取 明明自己就可以來到地球  柯博文打不贏的boss 最後就將竟然被一擊打飛   最後躲藏起來。(不是boss嗎..)  中間不符合邏輯的劇情一堆  太多了  亂演一通。  原本的期待變成滿滿失望,1,最終騎士,bad
369,"我一直打哈欠
因為沒有驚爆點
特效也放錯，雖然我沒有從第一級開始看， 但是這部電影真的讓我失望也瞎透了!!",3,最終騎士,soso
370,"難得看到商業大片没有中國插一腳的,總算拍出屬於好萊塢自己的影片,變5劇情緊湊,特效一級棒~感謝大導麥可貝的努力,我們永遠支持你~讚!!",5,最終騎士,good
371,"這集講的是人性的信任
感覺博派一族很可憐
接連遭到人類的背叛
還是死守對人類的承諾",5,最終騎士,good
372,"天呀,貞是爛爆了 . 難怪 IMDB 只有5.5,  神力女超人 8.1 , 神鬼奇航5 7.0 ,連新神鬼傳奇 都有5.8.",1,最終騎士,bad
373,"不難看啦⋯⋯很容易看得懂。特效爽片。
",5,最終騎士,good
374,看機器人打架就是爽！,5,最終騎士,good
375,我的老天鵝啊!什麼爛片,1,最終騎士,bad
376,劇情鬆散、跳越到極致。場面大歸大但沒有新意。,1,最終騎士,bad
377,"早上就看第一場了,這集讓人感到非常滿意無論特效或是劇情,讓我起了好幾次雞皮疙瘩
人類與變形金剛之間的情意在此集也有充分的展現出來,真的從頭到尾都沒冷場
讓我會想再進一次戲院",5,最終騎士,good
378,"對於那些給差評的觀眾,我只能說你們認為難看那麼並非這一集難看而已,既然認為續集還會難看,又怎麼會想花錢去電影院睡覺,然後才在這敲鍵盤...
非常好看 場面浩大 劇情壯闊 宇宙並非所有生物都是血肉之軀 牠們壽命比人類還要長許多 看到更多的人間冷暖 戲中最後可以看到機器與人類之間的感情
雖然第三 四集 讓人頗為失望 但卻不至於到難看 前集的劇情鋪陳伏筆 在此集全部展現出來,感覺從頭到尾都沒冷場 真心不騙",5,最終騎士,good
379,"特效很好
但內容...讓人昏昏欲睡",1,最終騎士,bad
380,我好期待這一片！,5,最終騎士,good
381,比前面還會 一開始還以為看錯電影 超丟臉…,3,最終騎士,soso
382,麥可貝已經玩爆炸玩到走火入魔的地步，就像中華一番裡面的貓耳小丹一樣，沉溺於技術的鑽研結果甚麼都不管了，這樣是當不上特級廚師的麥可貝!甚麼?劇情?找所有種類的畫面剪個幾秒然後湊和著拼一拼、台詞隨便寫幾句就OK的啦!我相信大家都是只想看我砸這些大筆經費做爆炸場面的啊!,3,最終騎士,soso
383,一個字形容『亂』！,2,最終騎士,bad
384,因為看到評價這麼低，讓愛看電影卻又沒寫過評價的我都受不了要來支持它了，我真心覺得沒有大家說的難看啊！為什麼被批評成這麼低分，我現在才知道評價原來也是可以作假的，但我真的不解這麼做的理由是什麼？,4,最終騎士,good
385,原本已經半睡半醒，看到某柯機器人因為一句話突然醒來，害我人也跟著醒了！！這系列真的做壞了,1,最終騎士,bad
386,只能說非常好看，每個人觀感不同，覺得很帥,5,最終騎士,good
387,其實比第四集好看,4,最終騎士,good
388,就看特效爽片的 別想太多 評一顆星是有點誇張 當成一般特效爽片看就好,5,最終騎士,good
389,剛看完，特效畫面真的很棒，大家不要被那些負評給騙了。,5,最終騎士,good
390,"基本上如果扣掉特效.....很想連一顆星都沒有
完全沒有劇情可言! 厲害的事...這種特效片還能讓我大概失去意識一段時間
而且結論.....他還想出下一集撈錢


*話說....導演沒玩過世紀帝國嘛! 黑暗時期的英國竟然有投石車(誤",2,最終騎士,bad
391,跟大家意見跟看法差不多，前輩們不是亂放炮，想去看要有心裏準備，雷聲大雨點小。不知在座的前輩有沒有人是陰囊專家，在下最近左右兩邊陰囊長了小疹子濕濕的奇癢無比，在看變形金剛時後坐不太住，邊看邊抓啊抓的好像破皮了指甲縫裡都是陰囊皮屑，早知道把錢省下來去看皮膚科.......,1,最終騎士,bad
392,"我是變粉，始終支持者，結論就是特效一樣很棒不過劇情依舊。
如果要抓觀眾的心，劇情上要再加油，很多部分都跟以前依樣，有點膩。",3,最終騎士,soso
393,"怎麼可以特效這麼多，還能拍的這麼難看啊！
非常雜亂，劇情亂七八糟，又要塞一堆有的沒的！
運鏡切換一直很快，讓人還沒搞清楚這畫面，就一直切換，
很窒息，趕投胎逆⋯
麥靠北 導演的手法 真的非常膩了，完全一樣！
我拜託你不要繼續導 變形金剛6！
這集煩到 特效好 我也稱讚不下去！",1,最終騎士,bad
394,"什麼都演到卻很普通...非常普通
演了很多東西但是看完沒特別的感覺.不覺得好看也不覺得到難看...
不刺激也不嗨就是很平的結束了的感覺,
沒甚麼爆點.最能看得應該就是寵物吧...",3,最終騎士,soso
395,.,1,最終騎士,bad
396,"麥可貝想要爛到一種極致～去成為一種經典的概念嗎～
睡了十幾輪～",1,最終騎士,bad
397,"你們搞得我好亂啊～～

到底要不要去看啊！？",3,最終騎士,soso
398,真的超級難看 一顆星只能勉強給特效 內容不知所云 對話空洞又不好笑 劇情毫無亮點 而且又是一堆中國置入...... 只能說錢都燒在一個爛劇本上了 ,1,最終騎士,bad
399,"兩顆是因為我看4DX+ 3D
不然一顆吧...  乏善可陳",2,最終騎士,bad
400,"第五集 整體故事劇情精彩度走向確實有超越上一集爛尾的捧中國人大腿 與 安麗舒化奶的置入性行銷，就連大邪神.星帝
尤尼克隆 跟 昆特沙星人都出來了 = ="" 只不過故事節奏也太扯蛋，變形金剛戲份一樣少的可憐；畫面鏡頭角度切來切去
虎頭蛇尾；而且麥可貝為什麼一直要讓14歲小女孩.伊莎貝拉·莫娜 一直出來硬搶鏡戲份；女主角應該要給 蘿拉·哈德克 來
演 !!!",1,最終騎士,bad
401,"天啊！什麼爛編劇，亂七八糟打了2個半小時～比上一集的大陸牛奶置入性行銷更瞎，徹底毀了我最愛的變形金剛～榮登近10年最爛片！！！！！
變形金剛也搞失智～什麼跟什麼😰😰😰😰",1,最終騎士,bad
402,真是超級大爛片害我睡過頭了早知道看盜版的就好!!!麥可貝根扁就是來騙錢的跟蔡豬鼻林犬依樣都是來撈的!!,1,最終騎士,bad
403,超失望的,1,最終騎士,bad
404,劇情弱到爆，前面不必要的片段和廢話一堆超無聊,4,最終騎士,good
405,覺得個人還蠻喜歡這集的內容，比上一集好看，不過出場的人太多，主角的金剛們畫面好少。還有我不喜歡那個14歲的小女生再賣弄風騷，梅林的後裔那位女生還比較有氣質。14歲就在學梅根克福第1-2集甩奶...好像變態...,5,最終騎士,good
406,第一集一隻狂派就打趴整個軍營多威啊，這才叫外星科技，還有那14歲的女孩是在哪騷啥？難道要吸引一些畢業典禮跟校慶外頭哪些騎炮車的乾哥乾叔嗎?還有我看到一半去尿尿旁的叔伯哥哥為啥要尿之前都會大喇喇屁一下，你們不知道我在旁邊很尷尬嗎?靠，難道你們就不會一鼓挫氣縮屁，再從嘴慢慢呼出來嗎?一點禮冒都沒有!!噁心!,1,最終騎士,bad
407,"看特效 還可以 
",5,最終騎士,good
408,第五集！很有深度的一集，節奏不在像前幾集那樣的緊促，另一種刻意乎慢乎快的手法，很成功的一集，柯博文耍劍真的帥爆,5,最終騎士,good
409,劇情實在是看不太懂，想說看到一半了，總該解釋一些來龍去脈⋯還是沒有⋯有點莫名奇妙，裡面的笑點？笑不太出來⋯打鬥畫面還是有一定水準啦⋯,3,最終騎士,soso
410,劇情不知所云、節奏雜亂無章、前面看到睡著，後面打鬥比較精彩一點，總之還是爛片...，我看的是imax 3D，都可以看到睡著了...,1,最終騎士,bad
411,哈欠連連,2,最終騎士,bad
412,超級難看～真的有快睡著的感覺！,1,最終騎士,bad
413,整場在打哈欠，居然還可以扯到亞瑟王、圓桌武士？！對了，還加了不少中國的置入行銷超傻眼,2,最終騎士,bad
414,雜亂、普通、鋪梗冗長,2,最終騎士,bad
415,"剛看完 整體感覺還蠻好看的 場面也很大 只不過前面鋪陳有點長 所以給四顆星
ps.最後那位女生(應該是造物主的化身)還蠻漂亮的",4,最終騎士,good
416,"說真的以爽片的角度來看 還可以接受
不至於到很難看 特效很多 我看得有點暈
優衣褲片尾最大置入性行銷 哈哈",4,最終騎士,good
417,變形金剛出場少的可憐~第一次看到想離場~看完腦袋一片空白,1,最終騎士,bad
418,很好看,5,最終騎士,good
419,毫無意外的糞片，要不是一定要給一星，連一星也不想給,1,最終騎士,bad
420,"非常好看的一集
要我說的話，大尬是完勝之前幾部英雄意味比較明顯的作品


更貼切人性，且主角的選擇與處境更容易引起共鳴",5,最終騎士,good
421,很好睡,1,最終騎士,bad
422,真的不怎麼樣，看到臉都變形了,2,最終騎士,bad
423,以爽片來說不錯看   很多一星根本沒看  或沒腦袋,5,最終騎士,good
424,劇情太多太雜了,3,最終騎士,soso
425,場景特效真的很好，但是劇情不太連貫，很多人類腳色真的來跑龍套的，可惜一部好片，還是最喜歡第一集,4,最終騎士,good
426,最糞續作 沒有之一,1,最終騎士,bad
427,"垃圾賣靠杯麥可貝拍的爛片不用看了啦
直接給一星
垃圾大黃蜂垃圾柯博文垃圾密卡登垃圾狂派垃圾博派
垃圾穌化奶


垃圾賣靠杯麥可貝拍的爛片不用看了啦
直接給一星
垃圾大黃蜂垃圾柯博文垃圾密卡登垃圾狂派垃圾博派
垃圾穌化奶

垃圾賣靠杯麥可貝拍的爛片不用看了啦
直接給一星
垃圾大黃蜂垃圾柯博文垃圾密卡登垃圾狂派垃圾博派
垃圾穌化奶

垃圾賣靠杯麥可貝拍的爛片不用看了啦
直接給一星
垃圾大黃蜂垃圾柯博文垃圾密卡登垃圾狂派垃圾博派
垃圾穌化奶

垃圾賣靠杯麥可貝拍的爛片不用看了啦
直接給一星
垃圾大黃蜂垃圾柯博文垃圾密卡登垃圾狂派垃圾博派
垃圾穌化奶

垃圾賣靠杯麥可貝拍的爛片不用看了啦
直接給一星
垃圾大黃蜂垃圾柯博文垃圾密卡登垃圾狂派垃圾博派
垃圾穌化奶

垃圾賣靠杯麥可貝拍的爛片不用看了啦
直接給一星
垃圾大黃蜂垃圾柯博文垃圾密卡登垃圾狂派垃圾博派
垃圾穌化奶

垃圾賣靠杯麥可貝拍的爛片不用看了啦
直接給一星
垃圾大黃蜂垃圾柯博文垃圾密卡登垃圾狂派垃圾博派
垃圾穌化奶

我是工讀生，我還沒看，就先來留言我是工讀生，我還沒看，就先來留言我是工讀生，我還沒看，就先來留言我是工讀生，我還沒看，就先來留言我是工讀生，我還沒看，就先來留言我是工讀生，我還沒看，就先來留言我是工讀生，我還沒看，就先來留言我是工讀生，我還沒看，就先來留言我是工讀生，我還沒看，就先來留言我是工讀生，我還沒看，就先來留言我是工讀生，我還沒看，就先來留言我是工讀生，我還沒看，就先來留言我是工讀生，我還沒看，就先來留言我是工讀生，我還沒看，就先來留言我是工讀生，我還沒看，就先來留言我是工讀生，我還沒看，就先來留言我是工讀生，我還沒看，就先來留言我是工讀生，我還沒看，就先來留言我是工讀生，我還沒看，就先來留言我是工讀生，我還沒看，就先來留言我是工讀生，我還沒看，就先來留言我是工讀生",1,最終騎士,bad
428,明明還不錯哪來嫌東嫌西～🤔～現代人口味越來越難伺候😒,5,最終騎士,good
429,"建議前面劇情可以先睡
後面在醒來看精彩部分就好
後面好看蛋前面劇情太拖了
有些劇情會讓人覺得多了多了
但特效跟配樂確實好的無話可說",4,最終騎士,good
430,不要浪費錢看了,1,最終騎士,bad
431,"看完了變形金剛5，居然可以出到第五集，在我去戲院觀賞的同時，國外已經臭評滿天飛了，到底如此爛法令我好奇，首先前幾集該有的缺點依舊都有，片長太長、腳色過多、情節安排過於巧合、尷尬笑點、沒劇情等等等，其實每一集的風格都是一樣的，多少會覺得了無新意，結構上許多觀眾可能看了會很生氣，開頭訴說小女孩的來歷，後來被雙方追殺，中間一大段時間則是上演國家寶藏？回顧歷史找那根""東西""，個人是覺得有趣味，但是鋪成實在太長，加上變形金剛戲份少的可憐(非常少)，中間一大半時間都是圍繞在男女主角身上，真的蠻無言的，老實說個人並不討厭第五集，不像上一集在各方面都很草率，感覺麥導就是不想幹似的，至於優點，特效依舊很華麗，而且這集的3D技術真的很不錯，雖然本人我不偏好3D電影，但是不得不承認麥可貝在這方面相當有一套，另外安東尼·霍普金斯表現很訝異，整部片很幽默風趣，感覺相當Enjoy在其中，還是頭一次看到他如此爽XD，其他像是小女孩、C3PO?(不知道名字)以及小不點，我覺得大可刪掉，實在很無用，C3PO真的很惱人，變形金剛裡的丑角都是一大敗筆，不好笑又硬要搞笑，每次都很尷尬，不知道麥可貝幹嘛這麼喜歡，總而言之此片要麼很ok，不然就是很差，就看每個人標準如何了，麥導""再次""說這是他的最後一部作品，我非常希望是真的，這系列需要要來個大轉型，像是玩命關頭5就是個好例子，從普通警匪片演變成刺激動作片，目前的變形金剛真的很需要新的元素，不然真的會看不太下去，當然啦，如果此片還是像第四集一樣大賣，片商當然一直出續集瞜。",3,最終騎士,soso
432,失望!!!!!,2,最終騎士,bad
433,"第三集後我就放棄了,沒想到...果然還是一顆星",1,最終騎士,bad
434,帶小孩去看到睡著．真的很無言ㄉ片,1,最終騎士,bad
435,好瞎的劇情，這是變形金剛系列我認為最爛的一集，只能給一星，不能再多了。,1,最終騎士,bad
436,好多舒化奶喔 看完別離開 有彩蛋,1,最終騎士,bad
437,操~好看的@@大家一定要去看,1,最終騎士,bad
438,一到五集最難看的一集,1,最終騎士,bad
439,看到打瞌睡😴,1,最終騎士,bad
440,"很熱鬧卻很空洞 每況愈下 一集比一集差
第四集已經退步不少 這集的水準更是如自由落體般墜落
小亮點 小驚喜是有的  但最主要的部分 例如 機械造型 劇情精彩度 都很糟糕",1,最終騎士,bad
441,"不會失望
就是超爽片
特效棒死了
底下說不好看的人
可能是沒腦把。。。",5,最終騎士,good
442,片蠻長的，飛船啊武器一模一樣，連星球，手下也一樣，死法也一樣，去看第三第四級就知道了，連宇宙飛船外型跟內部就跟第三集一樣啦，用小槍斃了精肛女皇，廢，最后還沒死？沒屌蛋不用跟男友或女友或炮友吹友跟小三小黃帥T在那裏癡癡等了，不怎麼好看到不如回家看獸皇系列。,2,最終騎士,bad
443,又臭又長……,1,最終騎士,bad
444,根本就是東拼湊西拼湊的電影，還比之前更爛了，還不如去看吃吃的愛,1,最終騎士,bad
445,這集跟UNIQLO有很大的關係,3,最終騎士,soso
446,本片是今年以來第一部用3D攝影機拍攝的電影 ！之前很多假3D的電影但這部不是 … ,5,最終騎士,good
447,參加首映看3D版，覺得效果很好，故事連結也很有意思，期待第6集，不知又是怎樣的故事連結..,5,最終騎士,good
448,第五集打算看二輪看就好...第四集騙錢,2,最終騎士,bad
449,"今天等等要去看早場的囉！
超期待的！看到一個相當不錯的介紹，
將歷年來變形金剛的重點都整理進去了，
可以幫助大家在觀看前理出一個頭緒，
提供給大家參考：
https://youtu.be/hPZZziNk9Rg",5,最終騎士,good
450,樓下都還沒上映就看過也是屌,5,最終騎士,good
451,"像看動畫一樣,還機器恐龍哩,了無新意,還不如看騎士隊被勇士打爆!",1,最終騎士,bad
